-- phpMyAdmin SQL Dump
-- version 4.8.5
-- https://www.phpmyadmin.net/
--
-- Host: 127.0.0.1
-- Waktu pembuatan: 10 Jan 2024 pada 03.54
-- Versi server: 10.1.38-MariaDB
-- Versi PHP: 7.3.4

SET SQL_MODE = "NO_AUTO_VALUE_ON_ZERO";
SET AUTOCOMMIT = 0;
START TRANSACTION;
SET time_zone = "+00:00";


/*!40101 SET @OLD_CHARACTER_SET_CLIENT=@@CHARACTER_SET_CLIENT */;
/*!40101 SET @OLD_CHARACTER_SET_RESULTS=@@CHARACTER_SET_RESULTS */;
/*!40101 SET @OLD_COLLATION_CONNECTION=@@COLLATION_CONNECTION */;
/*!40101 SET NAMES utf8mb4 */;

--
-- Database: `inventory`
--

-- --------------------------------------------------------

--
-- Struktur dari tabel `barang`
--

CREATE TABLE `barang` (
  `id` bigint(20) UNSIGNED NOT NULL,
  `nama_barang` varchar(100) COLLATE utf8mb4_unicode_ci NOT NULL,
  `kode_barang` varchar(100) COLLATE utf8mb4_unicode_ci NOT NULL,
  `slug` varchar(255) COLLATE utf8mb4_unicode_ci DEFAULT NULL,
  `layak` int(10) UNSIGNED NOT NULL,
  `tidak_layak` int(10) UNSIGNED NOT NULL,
  `jumlah_barang` int(110) NOT NULL,
  `status` varchar(255) COLLATE utf8mb4_unicode_ci DEFAULT 'in stock',
  `created_at` timestamp NULL DEFAULT NULL,
  `updated_at` timestamp NULL DEFAULT NULL,
  `deleted_at` timestamp NULL DEFAULT NULL
) ENGINE=InnoDB DEFAULT CHARSET=utf8mb4 COLLATE=utf8mb4_unicode_ci;

--
-- Dumping data untuk tabel `barang`
--

INSERT INTO `barang` (`id`, `nama_barang`, `kode_barang`, `slug`, `layak`, `tidak_layak`, `jumlah_barang`, `status`, `created_at`, `updated_at`, `deleted_at`) VALUES
(1, 'Infokus', 'infokus-001', 'infokus', 14, 3, 17, 'in stock', NULL, '2023-10-23 23:41:00', NULL),
(2, 'HDMI', 'hdmi-001', 'hdmi', 7, 0, 7, 'in stock', NULL, '2023-10-24 00:51:44', NULL),
(3, 'VGA', 'vga-001', 'vga', 17, 0, 17, 'in stock', NULL, '2023-10-02 23:36:41', NULL),
(4, 'Power', 'power-001', 'power', 18, 0, 18, 'in stock', NULL, '2023-09-21 23:55:42', NULL),
(5, 'Terminal', 'Terminate-001', 'Guntur', 5, 2, 7, 'in stock', NULL, '2023-11-20 00:26:47', NULL),
(19, 'pc', 'pc-001', 'pc', 4, 0, 4, 'in stock', '2023-09-14 20:54:40', '2023-10-01 23:26:42', NULL),
(28, 'laptop', 'laptop-001', 'laptop', 5, 0, 5, 'in stock', '2023-09-26 19:44:06', '2023-10-01 23:15:57', NULL),
(29, 'printer', 'print-001', 'printer', 1, 0, 1, 'in stock', '2023-09-26 19:47:41', '2023-10-03 23:19:33', NULL),
(33, 'Headphone', 'hds-001', 'headphone', 3, 0, 3, 'not available', '2023-10-03 21:45:30', '2023-10-04 18:55:54', NULL);

-- --------------------------------------------------------

--
-- Struktur dari tabel `barang_stocks`
--

CREATE TABLE `barang_stocks` (
  `id` bigint(20) UNSIGNED NOT NULL,
  `barang_id` bigint(20) UNSIGNED NOT NULL,
  `jumlah_stok` int(11) NOT NULL,
  `created_at` timestamp NULL DEFAULT NULL,
  `updated_at` timestamp NULL DEFAULT NULL
) ENGINE=InnoDB DEFAULT CHARSET=utf8mb4 COLLATE=utf8mb4_unicode_ci;

-- --------------------------------------------------------

--
-- Struktur dari tabel `categories`
--

CREATE TABLE `categories` (
  `id` bigint(20) UNSIGNED NOT NULL,
  `name` varchar(100) COLLATE utf8mb4_unicode_ci NOT NULL,
  `slug` varchar(255) COLLATE utf8mb4_unicode_ci DEFAULT NULL,
  `created_at` timestamp NULL DEFAULT NULL,
  `updated_at` timestamp NULL DEFAULT NULL,
  `deleted_at` timestamp NULL DEFAULT NULL
) ENGINE=InnoDB DEFAULT CHARSET=utf8mb4 COLLATE=utf8mb4_unicode_ci;

--
-- Dumping data untuk tabel `categories`
--

INSERT INTO `categories` (`id`, `name`, `slug`, `created_at`, `updated_at`, `deleted_at`) VALUES
(16, 'Proyektor', 'proyektor', '2023-09-14 00:15:30', '2023-10-02 19:19:56', NULL),
(17, 'HDMI', 'hdmi', '2023-09-14 00:15:36', '2023-09-14 00:15:36', NULL),
(18, 'VGA', 'vga', '2023-09-14 00:15:41', '2023-09-14 00:15:41', NULL),
(19, 'Power', 'power', '2023-09-14 00:15:51', '2023-09-14 00:15:51', NULL),
(20, 'Terminal', 'terminal', '2023-09-14 00:15:59', '2023-09-14 00:15:59', NULL),
(23, 'kabel', 'kabel', '2023-09-26 19:44:47', '2023-09-26 19:44:53', '2023-09-26 19:44:53'),
(24, 'laptop/pc', 'laptop-pc', '2023-10-02 19:18:04', '2023-10-02 19:20:42', NULL),
(25, 'printer', 'printer', '2023-10-02 19:18:31', '2023-10-02 19:18:31', NULL),
(26, 'headsheet', 'headsheet', '2023-10-03 00:02:13', '2023-10-03 00:02:13', NULL),
(27, 'perangkat komputer', 'perangkat-komputer', '2023-10-03 21:47:55', '2023-10-03 21:47:55', NULL);

-- --------------------------------------------------------

--
-- Struktur dari tabel `categories_barang`
--

CREATE TABLE `categories_barang` (
  `id` bigint(20) UNSIGNED NOT NULL,
  `barang_id` bigint(20) UNSIGNED NOT NULL,
  `categories_id` bigint(20) UNSIGNED NOT NULL,
  `created_at` timestamp NULL DEFAULT NULL,
  `updated_at` timestamp NULL DEFAULT NULL
) ENGINE=InnoDB DEFAULT CHARSET=utf8mb4 COLLATE=utf8mb4_unicode_ci;

--
-- Dumping data untuk tabel `categories_barang`
--

INSERT INTO `categories_barang` (`id`, `barang_id`, `categories_id`, `created_at`, `updated_at`) VALUES
(3, 27, 16, NULL, NULL),
(4, 27, 22, NULL, NULL),
(7, 28, 24, NULL, NULL),
(8, 29, 25, NULL, NULL),
(9, 5, 20, NULL, NULL),
(10, 4, 19, NULL, NULL),
(11, 1, 16, NULL, NULL),
(12, 2, 17, NULL, NULL),
(13, 3, 18, NULL, NULL),
(14, 19, 24, NULL, NULL),
(15, 33, 26, NULL, NULL),
(16, 34, 27, NULL, NULL),
(17, 35, 27, NULL, NULL),
(18, 36, 27, NULL, NULL);

-- --------------------------------------------------------

--
-- Struktur dari tabel `failed_jobs`
--

CREATE TABLE `failed_jobs` (
  `id` bigint(20) UNSIGNED NOT NULL,
  `uuid` varchar(255) COLLATE utf8mb4_unicode_ci NOT NULL,
  `connection` text COLLATE utf8mb4_unicode_ci NOT NULL,
  `queue` text COLLATE utf8mb4_unicode_ci NOT NULL,
  `payload` longtext COLLATE utf8mb4_unicode_ci NOT NULL,
  `exception` longtext COLLATE utf8mb4_unicode_ci NOT NULL,
  `failed_at` timestamp NOT NULL DEFAULT CURRENT_TIMESTAMP
) ENGINE=InnoDB DEFAULT CHARSET=utf8mb4 COLLATE=utf8mb4_unicode_ci;

-- --------------------------------------------------------

--
-- Struktur dari tabel `guru`
--

CREATE TABLE `guru` (
  `id` bigint(20) UNSIGNED NOT NULL,
  `nip` bigint(200) NOT NULL,
  `name` varchar(100) COLLATE utf8mb4_unicode_ci NOT NULL,
  `slug` varchar(255) COLLATE utf8mb4_unicode_ci DEFAULT NULL,
  `mapel` varchar(100) COLLATE utf8mb4_unicode_ci NOT NULL,
  `created_at` timestamp NULL DEFAULT NULL,
  `updated_at` timestamp NULL DEFAULT NULL,
  `deleted_at` timestamp NULL DEFAULT NULL
) ENGINE=InnoDB DEFAULT CHARSET=utf8mb4 COLLATE=utf8mb4_unicode_ci;

--
-- Dumping data untuk tabel `guru`
--

INSERT INTO `guru` (`id`, `nip`, `name`, `slug`, `mapel`, `created_at`, `updated_at`, `deleted_at`) VALUES
(2, 196310171987031000, 'Dr. H. Sofyan Hidayat, M.Pd', 'Dr. H. Sofyan Hidayat, M.Pd', 'Fisika', '0000-00-00 00:00:00', '0000-00-00 00:00:00', '0000-00-00 00:00:00'),
(3, 196302281988031000, 'Drs. Dadang Suparman, M.MPd.', 'Drs. Dadang Suparman, M.MPd.', 'Bahasa Indonesia', '0000-00-00 00:00:00', '0000-00-00 00:00:00', '0000-00-00 00:00:00'),
(4, 196312091987031000, 'Sarif Hidayat, S.Pd. M.Pd', 'Sarif Hidayat, S.Pd. M.Pd', 'BP & BK', '0000-00-00 00:00:00', '0000-00-00 00:00:00', '0000-00-00 00:00:00'),
(5, 196602171988032010, 'Dra. Lilis Komalasari', 'Dra. Lilis Komalasari', 'Ekonomi', '0000-00-00 00:00:00', '0000-00-00 00:00:00', '0000-00-00 00:00:00'),
(6, 196503251994032002, 'Dra. Lilis Yuliawati', 'Dra. Lilis Yuliawati', 'PKn', '0000-00-00 00:00:00', '0000-00-00 00:00:00', '0000-00-00 00:00:00'),
(7, 196404011989032005, 'Eet Rohaeti, S.Pd', 'Eet Rohaeti, S.Pd', 'Penjas Orkes', '0000-00-00 00:00:00', '0000-00-00 00:00:00', '0000-00-00 00:00:00'),
(8, 196708031993031013, 'Drs. Yeyet Kuntara, M.M.Pd.', 'Drs. Yeyet Kuntara, M.M.Pd.', 'Sejarah', '0000-00-00 00:00:00', '0000-00-00 00:00:00', '0000-00-00 00:00:00'),
(9, 196412071984121002, 'Manan Setiawan, S.Ag. M.A', 'Manan Setiawan, S.Ag. M.A', 'PABP', '0000-00-00 00:00:00', '0000-00-00 00:00:00', '0000-00-00 00:00:00'),
(10, 196402201985122001, 'Hj. Nina Nuraena, S.Pd', 'Hj. Nina Nuraena, S.Pd', 'Bahasa  Sunda', '0000-00-00 00:00:00', '0000-00-00 00:00:00', '0000-00-00 00:00:00'),
(11, 196301181989031006, 'Drs. Ade Rahayu KS', 'Drs. Ade Rahayu KS', 'Bahasa Jepang', '0000-00-00 00:00:00', '0000-00-00 00:00:00', '0000-00-00 00:00:00'),
(12, 196303281987032005, 'Hj. Elly Julaeha, S.Pd', 'Hj. Elly Julaeha, S.Pd', 'Biologi', '0000-00-00 00:00:00', '0000-00-00 00:00:00', '0000-00-00 00:00:00'),
(13, 196410091987032006, 'Yuyun Mudiarti, M.Pd.', 'Yuyun Mudiarti, M.Pd.', 'Bahasa Indonesia', '0000-00-00 00:00:00', '0000-00-00 00:00:00', '0000-00-00 00:00:00'),
(14, 196603051990012002, 'Dedah Mulyati, S.Pd', 'Dedah Mulyati, S.Pd', 'Matematika', '0000-00-00 00:00:00', '0000-00-00 00:00:00', '0000-00-00 00:00:00'),
(15, 196501231992032005, 'Dra. Ina Aryani', 'Dra. Ina Aryani', 'PABP', '0000-00-00 00:00:00', '0000-00-00 00:00:00', '0000-00-00 00:00:00'),
(16, 196709031991012001, 'Hj. Cicih Kurniasih, S.Pd', 'Hj. Cicih Kurniasih, S.Pd', 'Kimia', '0000-00-00 00:00:00', '0000-00-00 00:00:00', '0000-00-00 00:00:00'),
(17, 197907232003121006, 'Egi Yudha Permana, S.Pd. M.Pd', 'Egi Yudha Permana, S.Pd. M.Pd', 'Fisika', '0000-00-00 00:00:00', '0000-00-00 00:00:00', '0000-00-00 00:00:00'),
(18, 196503301987091001, 'Edi Rustandi, SP. MP', 'Edi Rustandi, SP. MP', 'BP & BK', '0000-00-00 00:00:00', '0000-00-00 00:00:00', '0000-00-00 00:00:00'),
(19, 196511171992031004, 'Drs. Asep Rahmat', 'Drs. Asep Rahmat', 'PKn', '0000-00-00 00:00:00', '0000-00-00 00:00:00', '0000-00-00 00:00:00'),
(20, 196808211992011001, 'Agus Setiawan, S.Pd', 'Agus Setiawan, S.Pd', 'Kimia', '0000-00-00 00:00:00', '0000-00-00 00:00:00', '0000-00-00 00:00:00'),
(21, 197502232000032004, 'Endayani Rostika, S.Pd. M.Pd.', 'Endayani Rostika, S.Pd. M.Pd.', 'Geografi', '0000-00-00 00:00:00', '0000-00-00 00:00:00', '0000-00-00 00:00:00'),
(22, 197106261999032006, 'Hj. Heni Julaeha, S.Pd. M.Pd.', 'Hj. Heni Julaeha, S.Pd. M.Pd.', 'Bahasa Inggris', '0000-00-00 00:00:00', '0000-00-00 00:00:00', '0000-00-00 00:00:00'),
(23, 197801232005011003, 'Dede Mulyadi, S.Pd. M.Pd', 'Dede Mulyadi, S.Pd. M.Pd', 'Matematika', '0000-00-00 00:00:00', '0000-00-00 00:00:00', '0000-00-00 00:00:00'),
(24, 197001081999031008, 'Ahmad Nurdin, SP.d.', 'Ahmad Nurdin, SP.d.', 'Penjas Orkes', '0000-00-00 00:00:00', '0000-00-00 00:00:00', '0000-00-00 00:00:00'),
(25, 196402031988031014, 'Sumpena, S.Pd', 'Sumpena, S.Pd', 'Seni Budaya', '0000-00-00 00:00:00', '0000-00-00 00:00:00', '0000-00-00 00:00:00'),
(26, 197605152005012010, 'Ida Parida, S.Pd', 'Ida Parida, S.Pd', 'Sejarah', '0000-00-00 00:00:00', '0000-00-00 00:00:00', '0000-00-00 00:00:00'),
(27, 197208122006042014, 'Atin Suswatin, S.Pd.', 'Atin Suswatin, S.Pd.', 'Bahasa Inggris', '0000-00-00 00:00:00', '0000-00-00 00:00:00', '0000-00-00 00:00:00'),
(28, 197011172008012004, 'Nia Kurniawati, SP', 'Nia Kurniawati, SP', 'PKWU', '0000-00-00 00:00:00', '0000-00-00 00:00:00', '0000-00-00 00:00:00'),
(29, 196904212008012007, 'Nenden Dalis Asmaeni, S.PI', 'Nenden Dalis Asmaeni, S.PI', 'PKWU', '0000-00-00 00:00:00', '0000-00-00 00:00:00', '0000-00-00 00:00:00'),
(30, 197302082008011003, 'Dani Ramdani, S.Pd', 'Dani Ramdani, S.Pd', 'Penjas Orkes', '0000-00-00 00:00:00', '0000-00-00 00:00:00', '0000-00-00 00:00:00'),
(31, 197411052007012001, 'Poppy Riana Novianti, S.Si', 'Poppy Riana Novianti, S.Si', 'Biologi', '0000-00-00 00:00:00', '0000-00-00 00:00:00', '0000-00-00 00:00:00'),
(32, 197904172010011011, 'Aceng Cucu Bunyamin, S.Pd. M.Pd.', 'Aceng Cucu Bunyamin, S.Pd. M.Pd.', 'Bahasa Inggris', '0000-00-00 00:00:00', '0000-00-00 00:00:00', '0000-00-00 00:00:00'),
(33, 198106132010011015, 'Fityan Aonillah, S.Pd', 'Fityan Aonillah, S.Pd', 'Biologi', '0000-00-00 00:00:00', '0000-00-00 00:00:00', '0000-00-00 00:00:00'),
(34, 198007172011011001, 'Taufiq Ramdani, M.Pd', 'Taufiq Ramdani, M.Pd', 'Matematika', '0000-00-00 00:00:00', '0000-00-00 00:00:00', '0000-00-00 00:00:00'),
(35, 198504172009021004, 'Gugun Dedi Guntara, S.Pd.', 'Gugun Dedi Guntara, S.Pd.', 'Bahasa Sunda', '0000-00-00 00:00:00', '0000-00-00 00:00:00', '0000-00-00 00:00:00'),
(36, 198603222010102014, 'Ranggi Pujiwidiaresta Putri, S.Pd.', 'Ranggi Pujiwidiaresta Putri, S.Pd.', 'BP & BK', '0000-00-00 00:00:00', '0000-00-00 00:00:00', '0000-00-00 00:00:00'),
(37, 197109102007011004, 'Zainudin, S.Pd', 'Zainudin, S.Pd', 'Kimia', '0000-00-00 00:00:00', '0000-00-00 00:00:00', '0000-00-00 00:00:00'),
(38, 197708102011012001, 'Renita Agustini, S.Pd', 'Renita Agustini, S.Pd', 'Bahasa Sunda', '0000-00-00 00:00:00', '0000-00-00 00:00:00', '0000-00-00 00:00:00'),
(39, 198308102014101001, 'Andi Agustina, S.Pd. M.Pd.', 'Andi Agustina, S.Pd. M.Pd.', 'Ekonomi', '0000-00-00 00:00:00', '0000-00-00 00:00:00', '0000-00-00 00:00:00'),
(40, 197111182014101001, 'Ramdan, S.Kom', 'Ramdan, S.Kom', 'TIK', '0000-00-00 00:00:00', '0000-00-00 00:00:00', '0000-00-00 00:00:00'),
(41, 197912052014092001, 'Ervina Ervianti, S.Pd', 'Ervina Ervianti, S.Pd', 'Bahasa Jepang', '0000-00-00 00:00:00', '0000-00-00 00:00:00', '0000-00-00 00:00:00'),
(42, 197906232014092002, 'Nining Yuningsih, S.Pd', 'Nining Yuningsih, S.Pd', 'Ekonomi', '0000-00-00 00:00:00', '0000-00-00 00:00:00', '0000-00-00 00:00:00'),
(43, 197710222014092002, 'Ai Reni Aisah, S.Pd.', 'Ai Reni Aisah, S.Pd.', 'Matematika', '0000-00-00 00:00:00', '0000-00-00 00:00:00', '0000-00-00 00:00:00'),
(44, 197907252014111002, 'Hendra, M.Pd', 'Hendra, M.Pd', 'Matematika', '0000-00-00 00:00:00', '0000-00-00 00:00:00', '0000-00-00 00:00:00'),
(45, 198603082019032009, 'Mira Widyautami Danuwidjaja, S.Pd', 'Mira Widyautami Danuwidjaja, S.Pd', 'Seni Budaya', '0000-00-00 00:00:00', '0000-00-00 00:00:00', '0000-00-00 00:00:00'),
(46, 199312152020122011, 'Arini Istiani Hidayah, S.Pd.', 'Arini Istiani Hidayah, S.Pd.', 'Sosiologi', '0000-00-00 00:00:00', '0000-00-00 00:00:00', '0000-00-00 00:00:00'),
(47, 1996031820201, 'Annisa Rahmayanti, S.Pd.', 'Annisa Rahmayanti, S.Pd.', 'TIK', '0000-00-00 00:00:00', '0000-00-00 00:00:00', '0000-00-00 00:00:00'),
(48, 197711272021211001, 'Roni Supriatna, S.Pd.', 'Roni Supriatna, S.Pd.', 'PKWU & SENI BUDAYA', '0000-00-00 00:00:00', '0000-00-00 00:00:00', '0000-00-00 00:00:00'),
(49, 198512122022211007, 'DIKI MAULANA S.Kom.', 'DIKI MAULANA S.Kom.', 'TIK', '0000-00-00 00:00:00', '0000-00-00 00:00:00', '0000-00-00 00:00:00'),
(50, 198203262022211008, 'FAHRUL FAHRURROZI. S.Pd.', 'FAHRUL FAHRURROZI. S.Pd.', 'Penjas Orkes', '0000-00-00 00:00:00', '0000-00-00 00:00:00', '0000-00-00 00:00:00'),
(51, 199405132022212020, 'MELINA AMBARWATI, S.Kom.I', 'MELINA AMBARWATI, S.Kom.I', 'BP & BK', '0000-00-00 00:00:00', '0000-00-00 00:00:00', '0000-00-00 00:00:00'),
(52, 198009172022211009, 'ASEP SAEFUL RAHMAN, M.Pd.', 'ASEP SAEFUL RAHMAN, M.Pd.', 'Bahasa Indonesia', '0000-00-00 00:00:00', '0000-00-00 00:00:00', '0000-00-00 00:00:00'),
(53, 198809102022212019, 'RITA ANITA RAHMAN, S.Pd.Gr.', 'RITA ANITA RAHMAN, S.Pd.Gr.', 'Bahasa Indonesia', '0000-00-00 00:00:00', '0000-00-00 00:00:00', '0000-00-00 00:00:00'),
(54, 198110082022212020, 'ENENG KIKI TAROKIAH, S.Pd.', 'ENENG KIKI TAROKIAH, S.Pd.', 'Matematika', '0000-00-00 00:00:00', '0000-00-00 00:00:00', '0000-00-00 00:00:00'),
(55, 199307172022211008, 'RIZKI NURJAMAN, S.Pd.', 'RIZKI NURJAMAN, S.Pd.', 'Matematika', '0000-00-00 00:00:00', '0000-00-00 00:00:00', '0000-00-00 00:00:00'),
(56, 198512162022211013, 'IHSANUDIN, ST', 'IHSANUDIN, ST', 'TIK', '0000-00-00 00:00:00', '0000-00-00 00:00:00', '0000-00-00 00:00:00'),
(57, 198504202022212026, 'LELA N. NOPITASARI, S.Kom', 'LELA N. NOPITASARI, S.Kom', 'TIK', '0000-00-00 00:00:00', '0000-00-00 00:00:00', '0000-00-00 00:00:00'),
(58, 198711282022211005, 'HADI NOVIANA, ST.', 'HADI NOVIANA, ST.', 'TIK', '0000-00-00 00:00:00', '0000-00-00 00:00:00', '0000-00-00 00:00:00'),
(59, 199106022022212023, 'ELI MUNAWAROH, S.Kom.', 'ELI MUNAWAROH, S.Kom.', 'TIK', '0000-00-00 00:00:00', '0000-00-00 00:00:00', '0000-00-00 00:00:00'),
(60, 0, 'DIAN NURDIANA RAMDANI, S.Pd. M.Pd', 'DIAN NURDIANA RAMDANI, S.Pd. M.Pd', 'Fisika', '0000-00-00 00:00:00', '0000-00-00 00:00:00', '0000-00-00 00:00:00'),
(61, 0, 'JEANY MULYASARI, S.Pd. M.Pd', 'JEANY MULYASARI, S.Pd. M.Pd', 'Sejarah', '0000-00-00 00:00:00', '0000-00-00 00:00:00', '0000-00-00 00:00:00'),
(62, 0, 'NOVITASARI, S.Pd. M.Pd', 'NOVITASARI, S.Pd. M.Pd', 'Matematika', '0000-00-00 00:00:00', '0000-00-00 00:00:00', '0000-00-00 00:00:00'),
(63, 0, 'HILMA IRVANY, S.Pd.I', 'HILMA IRVANY, S.Pd.I', 'PABP', '0000-00-00 00:00:00', '0000-00-00 00:00:00', '0000-00-00 00:00:00'),
(64, 0, 'NURLAELA, S.Sos.', 'NURLAELA, S.Sos.', 'Antro / Geo / Sos', '0000-00-00 00:00:00', '0000-00-00 00:00:00', '0000-00-00 00:00:00'),
(65, 0, 'SITI HALIMAH, S.Pd.I', 'SITI HALIMAH, S.Pd.I', 'PABP', '0000-00-00 00:00:00', '0000-00-00 00:00:00', '0000-00-00 00:00:00'),
(66, 0, 'PAMELA NURHASANAH, S.Hum.', 'PAMELA NURHASANAH, S.Hum.', 'Bahasa Jepang', '0000-00-00 00:00:00', '0000-00-00 00:00:00', '0000-00-00 00:00:00'),
(67, 0, 'WENNY WITA ASTRIANTY PERBANGSA, S.Pd.', 'WENNY WITA ASTRIANTY PERBANGSA, S.Pd.', 'Matematika', '0000-00-00 00:00:00', '0000-00-00 00:00:00', '0000-00-00 00:00:00'),
(68, 0, 'TRIYA NUGRAHA, S.Pd.', 'TRIYA NUGRAHA, S.Pd.', 'Bahasa Indonesia', '0000-00-00 00:00:00', '0000-00-00 00:00:00', '0000-00-00 00:00:00'),
(69, 0, 'NOGI ETRI GUNAWAN, S.Pd.', 'NOGI ETRI GUNAWAN, S.Pd.', 'Penjas Orkes', '0000-00-00 00:00:00', '0000-00-00 00:00:00', '0000-00-00 00:00:00'),
(70, 0, 'SRI AULIA, S.Pd.', 'SRI AULIA, S.Pd.', 'Bahasa Inggris', '0000-00-00 00:00:00', '0000-00-00 00:00:00', '0000-00-00 00:00:00'),
(71, 0, 'M. SURURI, S.Pd.', 'M. SURURI, S.Pd.', 'PKWU', '0000-00-00 00:00:00', '0000-00-00 00:00:00', '0000-00-00 00:00:00'),
(72, 0, 'FAIZ HILMI ZEIN, S.Pd.', 'FAIZ HILMI ZEIN, S.Pd.', 'PKn', '0000-00-00 00:00:00', '0000-00-00 00:00:00', '0000-00-00 00:00:00'),
(73, 0, 'NURUL SEPTIANI, S.Pd.', 'NURUL SEPTIANI, S.Pd.', 'Bahasa Indonesia', '0000-00-00 00:00:00', '0000-00-00 00:00:00', '0000-00-00 00:00:00'),
(74, 0, 'Dra. YUNINGSIH, M.Pd', 'Dra. YUNINGSIH, M.Pd', 'BP & BK', '0000-00-00 00:00:00', '0000-00-00 00:00:00', '0000-00-00 00:00:00'),
(75, 0, 'LILIS ROSTINA, S.Pd', 'LILIS ROSTINA, S.Pd', 'BP & BK', '0000-00-00 00:00:00', '0000-00-00 00:00:00', '0000-00-00 00:00:00'),
(76, 0, 'MOHAMAD NUR ARIF RAHMAN, S.Pd.', 'MOHAMAD NUR ARIF RAHMAN, S.Pd.', 'Penjas Orkes', '0000-00-00 00:00:00', '0000-00-00 00:00:00', '0000-00-00 00:00:00');

-- --------------------------------------------------------

--
-- Struktur dari tabel `migrations`
--

CREATE TABLE `migrations` (
  `id` int(10) UNSIGNED NOT NULL,
  `migration` varchar(255) COLLATE utf8mb4_unicode_ci NOT NULL,
  `batch` int(11) NOT NULL
) ENGINE=InnoDB DEFAULT CHARSET=utf8mb4 COLLATE=utf8mb4_unicode_ci;

--
-- Dumping data untuk tabel `migrations`
--

INSERT INTO `migrations` (`id`, `migration`, `batch`) VALUES
(1, '2014_10_12_000000_create_users_table', 1),
(2, '2014_10_12_100000_create_password_reset_tokens_table', 1),
(3, '2019_08_19_000000_create_failed_jobs_table', 1),
(4, '2019_12_14_000001_create_personal_access_tokens_table', 1),
(5, '2023_09_06_055249_create_roles_table', 1),
(6, '2023_09_06_061152_add_role_id_column_to_users_table', 1),
(7, '2023_09_06_064438_create_categories_table', 1),
(8, '2023_09_06_064617_create_barang_table', 1),
(9, '2023_09_06_064943_create_categories_barang_table', 1),
(10, '2023_09_06_074216_create_rent_table', 1),
(11, '2023_09_12_154346_create_barangs_table', 2);

-- --------------------------------------------------------

--
-- Struktur dari tabel `password_reset_tokens`
--

CREATE TABLE `password_reset_tokens` (
  `email` varchar(255) COLLATE utf8mb4_unicode_ci NOT NULL,
  `token` varchar(255) COLLATE utf8mb4_unicode_ci NOT NULL,
  `created_at` timestamp NULL DEFAULT NULL
) ENGINE=InnoDB DEFAULT CHARSET=utf8mb4 COLLATE=utf8mb4_unicode_ci;

-- --------------------------------------------------------

--
-- Struktur dari tabel `personal_access_tokens`
--

CREATE TABLE `personal_access_tokens` (
  `id` bigint(20) UNSIGNED NOT NULL,
  `tokenable_type` varchar(255) COLLATE utf8mb4_unicode_ci NOT NULL,
  `tokenable_id` bigint(20) UNSIGNED NOT NULL,
  `name` varchar(255) COLLATE utf8mb4_unicode_ci NOT NULL,
  `token` varchar(64) COLLATE utf8mb4_unicode_ci NOT NULL,
  `abilities` text COLLATE utf8mb4_unicode_ci,
  `last_used_at` timestamp NULL DEFAULT NULL,
  `expires_at` timestamp NULL DEFAULT NULL,
  `created_at` timestamp NULL DEFAULT NULL,
  `updated_at` timestamp NULL DEFAULT NULL
) ENGINE=InnoDB DEFAULT CHARSET=utf8mb4 COLLATE=utf8mb4_unicode_ci;

-- --------------------------------------------------------

--
-- Struktur dari tabel `rent`
--

CREATE TABLE `rent` (
  `id` bigint(20) UNSIGNED NOT NULL,
  `id_barang` bigint(20) UNSIGNED NOT NULL,
  `slug` varchar(255) COLLATE utf8mb4_unicode_ci DEFAULT NULL,
  `tambahan` varchar(255) COLLATE utf8mb4_unicode_ci NOT NULL,
  `user_id` varchar(100) COLLATE utf8mb4_unicode_ci NOT NULL,
  `kelas` varchar(255) COLLATE utf8mb4_unicode_ci NOT NULL,
  `id_guru` bigint(20) UNSIGNED NOT NULL,
  `rent_date` date NOT NULL,
  `return_date` date DEFAULT NULL,
  `status` varchar(255) COLLATE utf8mb4_unicode_ci NOT NULL DEFAULT 'DIPINJAM',
  `created_at` timestamp NULL DEFAULT NULL,
  `updated_at` timestamp NULL DEFAULT NULL
) ENGINE=InnoDB DEFAULT CHARSET=utf8mb4 COLLATE=utf8mb4_unicode_ci;

--
-- Dumping data untuk tabel `rent`
--

INSERT INTO `rent` (`id`, `id_barang`, `slug`, `tambahan`, `user_id`, `kelas`, `id_guru`, `rent_date`, `return_date`, `status`, `created_at`, `updated_at`) VALUES
(67, 3, 'qori', 'HDMI, VGA, Terminal', 'qori', '10 MIPA 2', 2, '2023-11-29', NULL, 'DIPINJAM', '2023-11-28 19:51:45', '2023-11-28 19:51:45'),
(68, 1, 'nanda', 'infokus aja', 'nanda', '12 MIPA 2', 11, '2023-11-29', '2023-11-29', 'DIKEMBALIKAN', '2023-11-28 21:28:42', '2023-11-28 21:28:52');

-- --------------------------------------------------------

--
-- Struktur dari tabel `roles`
--

CREATE TABLE `roles` (
  `id` bigint(20) UNSIGNED NOT NULL,
  `name` varchar(100) COLLATE utf8mb4_unicode_ci NOT NULL,
  `created_at` timestamp NULL DEFAULT NULL,
  `updated_at` timestamp NULL DEFAULT NULL
) ENGINE=InnoDB DEFAULT CHARSET=utf8mb4 COLLATE=utf8mb4_unicode_ci;

--
-- Dumping data untuk tabel `roles`
--

INSERT INTO `roles` (`id`, `name`, `created_at`, `updated_at`) VALUES
(1, 'admin', NULL, NULL),
(2, 'client', NULL, NULL);

-- --------------------------------------------------------

--
-- Struktur dari tabel `siswa`
--

CREATE TABLE `siswa` (
  `id` bigint(20) UNSIGNED NOT NULL,
  `nis` int(110) NOT NULL,
  `nama` varchar(255) COLLATE utf8mb4_unicode_ci NOT NULL,
  `slug` varchar(255) COLLATE utf8mb4_unicode_ci NOT NULL,
  `kelas` varchar(255) COLLATE utf8mb4_unicode_ci NOT NULL,
  `created_at` timestamp NULL DEFAULT NULL,
  `updated_at` timestamp NULL DEFAULT NULL
) ENGINE=InnoDB DEFAULT CHARSET=utf8mb4 COLLATE=utf8mb4_unicode_ci;

--
-- Dumping data untuk tabel `siswa`
--

INSERT INTO `siswa` (`id`, `nis`, `nama`, `slug`, `kelas`, `created_at`, `updated_at`) VALUES
(1, 212210001, 'AGNIA PUTRI SAKILA', 'AGNIA PUTRI SAKILA', 'XII BAHASA', NULL, NULL),
(2, 212210002, 'AINNA AULIA RAMADHANI ', 'AINNA AULIA RAMADHANI ', 'XII BAHASA', NULL, NULL),
(3, 212210003, ' ALYA AULIA ', ' ALYA AULIA ', 'XII BAHASA', NULL, NULL),
(4, 212210004, ' ALYA NUR AINI ', ' ALYA NUR AINI ', 'XII BAHASA', NULL, NULL),
(5, 212210005, ' AMELIA MAUSYA AL ZAHRA ', ' AMELIA MAUSYA AL ZAHRA ', 'XII BAHASA', NULL, NULL),
(6, 212210006, ' ANDINI ', ' ANDINI ', 'XII BAHASA', NULL, NULL),
(7, 212210007, ' ATHIYAN NATSYIR ', ' ATHIYAN NATSYIR ', 'XII BAHASA', NULL, NULL),
(8, 212210008, ' ERIK PERDIANSYAH ', ' ERIK PERDIANSYAH ', 'XII BAHASA', NULL, NULL),
(9, 212210009, ' FIRDA FARIDA ', ' FIRDA FARIDA ', 'XII BAHASA', NULL, NULL),
(10, 212210010, ' GHAIDA MAISA ARASY ', ' GHAIDA MAISA ARASY ', 'XII BAHASA', NULL, NULL),
(11, 212210011, ' HAFIDZ GIBRAN AL FAHADZ ', ' HAFIDZ GIBRAN AL FAHADZ ', 'XII BAHASA', NULL, NULL),
(12, 212210012, ' HILMI AZZAHRA ', ' HILMI AZZAHRA ', 'XII BAHASA', NULL, NULL),
(13, 212210013, ' M. HAIKAL AL KAHFI ', ' M. HAIKAL AL KAHFI ', 'XII BAHASA', NULL, NULL),
(14, 212210014, ' MISSAYU ARINDA PUTRI RAHADIAN ', ' MISSAYU ARINDA PUTRI RAHADIAN ', 'XII BAHASA', NULL, NULL),
(15, 212210015, ' MUHAMAD NAUFAL HABIBI ', ' MUHAMAD NAUFAL HABIBI ', 'XII BAHASA', NULL, NULL),
(16, 212210016, ' NAILA RAMANDHANI ', ' NAILA RAMANDHANI ', 'XII BAHASA', NULL, NULL),
(17, 212210017, ' NAZMA SITI NURFADILLAH ', ' NAZMA SITI NURFADILLAH ', 'XII BAHASA', NULL, NULL),
(18, 212210018, ' NENDEN SITI SARIPAH ', ' NENDEN SITI SARIPAH ', 'XII BAHASA', NULL, NULL),
(19, 212210019, ' NENG VINA VIRONIKA ', ' NENG VINA VIRONIKA ', 'XII BAHASA', NULL, NULL),
(20, 212210020, ' RAFLI MOCH SABIT ALAKHSAN ', ' RAFLI MOCH SABIT ALAKHSAN ', 'XII BAHASA', NULL, NULL),
(21, 212210021, ' RAISHA PUTRI DANIRA ', ' RAISHA PUTRI DANIRA ', 'XII BAHASA', NULL, NULL),
(22, 212210022, ' RASYA SHARA AULIA ', ' RASYA SHARA AULIA ', 'XII BAHASA', NULL, NULL),
(23, 212210023, ' RIFANI PUTRI MEILANI ', ' RIFANI PUTRI MEILANI ', 'XII BAHASA', NULL, NULL),
(24, 212210024, ' SABILA PITALOKA ', ' SABILA PITALOKA ', 'XII BAHASA', NULL, NULL),
(25, 212210025, ' SALPA HERDIANI ', ' SALPA HERDIANI ', 'XII BAHASA', NULL, NULL),
(26, 212210026, ' SALSA AGUSTIN ', ' SALSA AGUSTIN ', 'XII BAHASA', NULL, NULL),
(27, 212210027, ' SITI KHOIRUNISA ', ' SITI KHOIRUNISA ', 'XII BAHASA', NULL, NULL),
(28, 212210028, ' SOLEH RAMADHAN MUSTAQIM ', ' SOLEH RAMADHAN MUSTAQIM ', 'XII BAHASA', NULL, NULL),
(29, 212210029, ' SULTHAN MUHAMMAD HAKIM ', ' SULTHAN MUHAMMAD HAKIM ', 'XII BAHASA', NULL, NULL),
(30, 212210030, ' SYIFA NURARDIANI ', ' SYIFA NURARDIANI ', 'XII BAHASA', NULL, NULL),
(31, 212210031, ' ZAHRA NURUL HIKMAH ', ' ZAHRA NURUL HIKMAH ', 'XII BAHASA', NULL, NULL),
(32, 212210425, ' ANDIKA BAYU ', ' ANDIKA BAYU ', 'XII BAHASA', NULL, NULL),
(33, 212210032, ' ADI SURYADI ', ' ADI SURYADI ', 'XII MIPA 1', NULL, NULL),
(34, 212210033, ' ADILA NUR AINI ', ' ADILA NUR AINI ', 'XII MIPA 1', NULL, NULL),
(35, 212210034, ' ALIF BUFTAIN ', ' ALIF BUFTAIN ', 'XII MIPA 1', NULL, NULL),
(36, 212210035, ' ALIYA ZAHRA NURAZIZAH ', ' ALIYA ZAHRA NURAZIZAH ', 'XII MIPA 1', NULL, NULL),
(37, 212210036, ' ANGZILNI PUTRI NAERONI SALSABILA ', ' ANGZILNI PUTRI NAERONI SALSABILA ', 'XII MIPA 1', NULL, NULL),
(38, 212210037, ' ASEP ISRA SAEPULOH ', ' ASEP ISRA SAEPULOH ', 'XII MIPA 1', NULL, NULL),
(39, 212210038, ' AULIA KAROMAH ', ' AULIA KAROMAH ', 'XII MIPA 1', NULL, NULL),
(40, 212210039, ' AZWA AZKYA IRAWAN ', ' AZWA AZKYA IRAWAN ', 'XII MIPA 1', NULL, NULL),
(41, 212210040, ' DARA APRILIA CHAERUNNISYA ', ' DARA APRILIA CHAERUNNISYA ', 'XII MIPA 1', NULL, NULL),
(42, 212210041, ' DINA OLIVIA ANASTASYA ', ' DINA OLIVIA ANASTASYA ', 'XII MIPA 1', NULL, NULL),
(43, 212210042, ' FAHMI ZULFIKAR ', ' FAHMI ZULFIKAR ', 'XII MIPA 1', NULL, NULL),
(44, 212210043, ' FAUZIAH FITRI AGNIA ', ' FAUZIAH FITRI AGNIA ', 'XII MIPA 1', NULL, NULL),
(45, 212210044, ' FIRLY TRI RAHMASARI ', ' FIRLY TRI RAHMASARI ', 'XII MIPA 1', NULL, NULL),
(46, 212210045, ' HADYA NUR FAUZIAH WIJAYA ', ' HADYA NUR FAUZIAH WIJAYA ', 'XII MIPA 1', NULL, NULL),
(47, 212210046, ' HAFIZ ISMAIL ', ' HAFIZ ISMAIL ', 'XII MIPA 1', NULL, NULL),
(48, 212210047, ' JANESSA AMARA MAHARANI ', ' JANESSA AMARA MAHARANI ', 'XII MIPA 1', NULL, NULL),
(49, 212210048, ' KAMIL MUHAMAD FEBRIAN ', ' KAMIL MUHAMAD FEBRIAN ', 'XII MIPA 1', NULL, NULL),
(50, 212210049, ' KHARISMA SUCI RAHAYU ', ' KHARISMA SUCI RAHAYU ', 'XII MIPA 1', NULL, NULL),
(51, 212210050, ' MIKAILISTY AURORA AZZAHRA ', ' MIKAILISTY AURORA AZZAHRA ', 'XII MIPA 1', NULL, NULL),
(52, 212210051, ' MOCH ALFARIZ HUDAYA ', ' MOCH ALFARIZ HUDAYA ', 'XII MIPA 1', NULL, NULL),
(53, 212210052, ' MOHAMAD RAFI NURAHMAN ', ' MOHAMAD RAFI NURAHMAN ', 'XII MIPA 1', NULL, NULL),
(54, 212210053, ' MUHAMMAD AKMAL ALFARITSI ', ' MUHAMMAD AKMAL ALFARITSI ', 'XII MIPA 1', NULL, NULL),
(55, 212210054, ' MUHAMMAD ALKY ALGHOFARY ', ' MUHAMMAD ALKY ALGHOFARY ', 'XII MIPA 1', NULL, NULL),
(56, 212210055, ' NADIA ZAHRA QONITA ', ' NADIA ZAHRA QONITA ', 'XII MIPA 1', NULL, NULL),
(57, 212210056, ' NAJWAN WIGUNA ', ' NAJWAN WIGUNA ', 'XII MIPA 1', NULL, NULL),
(58, 212210057, ' PUTRI ANGELI RAHMA SARY ', ' PUTRI ANGELI RAHMA SARY ', 'XII MIPA 1', NULL, NULL),
(59, 212210058, ' QEIS AVERUS ', ' QEIS AVERUS ', 'XII MIPA 1', NULL, NULL),
(60, 212210059, ' RENITHA KAISHA YUNIAR ', ' RENITHA KAISHA YUNIAR ', 'XII MIPA 1', NULL, NULL),
(61, 212210060, ' RENO MARSEANO ', ' RENO MARSEANO ', 'XII MIPA 1', NULL, NULL),
(62, 212210061, ' RIKA PUSPITASARI ', ' RIKA PUSPITASARI ', 'XII MIPA 1', NULL, NULL),
(63, 212210062, ' SALSA AZZAHRA ADELIA ', ' SALSA AZZAHRA ADELIA ', 'XII MIPA 1', NULL, NULL),
(64, 212210063, ' SHAFA NAFISYA AZANI ', ' SHAFA NAFISYA AZANI ', 'XII MIPA 1', NULL, NULL),
(65, 212210064, ' SONY NURLAMSYAH ', ' SONY NURLAMSYAH ', 'XII MIPA 1', NULL, NULL),
(66, 212210065, ' STEFANI OLIVIA PUTRI ', ' STEFANI OLIVIA PUTRI ', 'XII MIPA 1', NULL, NULL),
(67, 212210066, ' TIARA AURELLIA PASYA ', ' TIARA AURELLIA PASYA ', 'XII MIPA 1', NULL, NULL),
(68, 212210067, ' YASHILA RAHIMA ', ' YASHILA RAHIMA ', 'XII MIPA 1', NULL, NULL),
(69, 222311425, ' SUBHAN NASIR AHMAD FATEH ', ' SUBHAN NASIR AHMAD FATEH ', 'XII MIPA 1', NULL, NULL),
(70, 212210068, ' ADITYA RAHMAN ', ' ADITYA RAHMAN ', 'XII MIPA 2', NULL, NULL),
(71, 212210069, ' AGNIA PRATISTA SYA`BANI ', ' AGNIA PRATISTA SYA`BANI ', 'XII MIPA 2', NULL, NULL),
(72, 212210070, ' ALLIYA NABIELA YUNISTIRA ', ' ALLIYA NABIELA YUNISTIRA ', 'XII MIPA 2', NULL, NULL),
(73, 212210071, ' ANDIKA YUDISTIRA ', ' ANDIKA YUDISTIRA ', 'XII MIPA 2', NULL, NULL),
(74, 212210072, ' ANISA DWI ALFIONITA ', ' ANISA DWI ALFIONITA ', 'XII MIPA 2', NULL, NULL),
(75, 212210073, ' AULIA NUR HERMAWAN ', ' AULIA NUR HERMAWAN ', 'XII MIPA 2', NULL, NULL),
(76, 212210074, ' AZWARA HANDIKA PUTRA ', ' AZWARA HANDIKA PUTRA ', 'XII MIPA 2', NULL, NULL),
(77, 212210075, ' DAVINA PUTRI SANTIKA ', ' DAVINA PUTRI SANTIKA ', 'XII MIPA 2', NULL, NULL),
(78, 212210076, ' DINI SRI MULYANI ', ' DINI SRI MULYANI ', 'XII MIPA 2', NULL, NULL),
(79, 212210077, ' FAIKAR FADHLURRAHMAN ', ' FAIKAR FADHLURRAHMAN ', 'XII MIPA 2', NULL, NULL),
(80, 212210078, ' FITRI ANGGRAENI ', ' FITRI ANGGRAENI ', 'XII MIPA 2', NULL, NULL),
(81, 212210079, ' GALIH RAFII RIZKULLAH ', ' GALIH RAFII RIZKULLAH ', 'XII MIPA 2', NULL, NULL),
(82, 212210080, ' HENDRIK MUTAQIN BIL MA`RUF ', ' HENDRIK MUTAQIN BIL MA`RUF ', 'XII MIPA 2', NULL, NULL),
(83, 212210081, ' HILMAYLA INTAN RAHMASAGITA ', ' HILMAYLA INTAN RAHMASAGITA ', 'XII MIPA 2', NULL, NULL),
(84, 212210082, ' JASMINE ADABELLA MAHADEWI ', ' JASMINE ADABELLA MAHADEWI ', 'XII MIPA 2', NULL, NULL),
(85, 212210083, ' KEVIN SYAHIDANI DAROJAT ', ' KEVIN SYAHIDANI DAROJAT ', 'XII MIPA 2', NULL, NULL),
(86, 212210084, ' LATHISYA SHEZA ALDAMAR ', ' LATHISYA SHEZA ALDAMAR ', 'XII MIPA 2', NULL, NULL),
(87, 212210085, ' MOCH DZIKRIL KHAIRAN ', ' MOCH DZIKRIL KHAIRAN ', 'XII MIPA 2', NULL, NULL),
(88, 212210086, ' MOHAMMAD DARIEL HADE KHAIRULLAH ', ' MOHAMMAD DARIEL HADE KHAIRULLAH ', 'XII MIPA 2', NULL, NULL),
(89, 212210087, ' MUHAMMAD AFRIZAL ', ' MUHAMMAD AFRIZAL ', 'XII MIPA 2', NULL, NULL),
(90, 212210088, ' MUHAMMAD ARIF IHWANI ', ' MUHAMMAD ARIF IHWANI ', 'XII MIPA 2', NULL, NULL),
(91, 212210089, ' NAJMI SABILA ALMUSFIROH ', ' NAJMI SABILA ALMUSFIROH ', 'XII MIPA 2', NULL, NULL),
(92, 212210090, ' NAUFAL IZZATUR RAZZAQ ', ' NAUFAL IZZATUR RAZZAQ ', 'XII MIPA 2', NULL, NULL),
(93, 212210091, ' NAZIA AZKHA SABILA ', ' NAZIA AZKHA SABILA ', 'XII MIPA 2', NULL, NULL),
(94, 212210092, ' NURI RATNA PURI ', ' NURI RATNA PURI ', 'XII MIPA 2', NULL, NULL),
(95, 212210093, ' PUTRI RAISHA NURAJIJAH ', ' PUTRI RAISHA NURAJIJAH ', 'XII MIPA 2', NULL, NULL),
(96, 212210094, ' RESYA PUTRI NURTASMA ', ' RESYA PUTRI NURTASMA ', 'XII MIPA 2', NULL, NULL),
(97, 212210095, ' RIF`AT ABDUL AZIS ', ' RIF`AT ABDUL AZIS ', 'XII MIPA 2', NULL, NULL),
(98, 212210096, ' RIZKY HILMA ', ' RIZKY HILMA ', 'XII MIPA 2', NULL, NULL),
(99, 212210097, ' SALSA TIA SHAHIRA ', ' SALSA TIA SHAHIRA ', 'XII MIPA 2', NULL, NULL),
(100, 212210098, ' SHASIE KIRANI PUTRI ', ' SHASIE KIRANI PUTRI ', 'XII MIPA 2', NULL, NULL),
(101, 212210099, ' SUCI DESWITA YOSELVA ', ' SUCI DESWITA YOSELVA ', 'XII MIPA 2', NULL, NULL),
(102, 212210100, ' SURYA FAJRI NUR ALI ', ' SURYA FAJRI NUR ALI ', 'XII MIPA 2', NULL, NULL),
(103, 212210101, ' TIARA MEYSA AULIA RESMANA ', ' TIARA MEYSA AULIA RESMANA ', 'XII MIPA 2', NULL, NULL),
(104, 212210102, ' VITTO ACHMAD GAZADI ', ' VITTO ACHMAD GAZADI ', 'XII MIPA 2', NULL, NULL),
(105, 212210426, ' FEBRYAN MAULANA ', ' FEBRYAN MAULANA ', 'XII MIPA 2', NULL, NULL),
(106, 212210427, 'SHERIN DIANRA BRATA', 'SHERIN DIANRA BRATA', 'XII MIPA 2', NULL, NULL),
(107, 212210103, ' ADITYA RATAMA PUTRA ', ' ADITYA RATAMA PUTRA ', 'XII MIPA 3', NULL, NULL),
(108, 212210104, ' AGNIA SAKINAH ', ' AGNIA SAKINAH ', 'XII MIPA 3', NULL, NULL),
(109, 212210105, ' ALMAUJA DESTI HAFIDA ', ' ALMAUJA DESTI HAFIDA ', 'XII MIPA 3', NULL, NULL),
(110, 212210106, ' ANISA RAHMA ELDIANA ', ' ANISA RAHMA ELDIANA ', 'XII MIPA 3', NULL, NULL),
(111, 212210107, ' AQIL HILMI TAULANI ', ' AQIL HILMI TAULANI ', 'XII MIPA 3', NULL, NULL),
(112, 212210108, ' AULIA ZULIANTI ', ' AULIA ZULIANTI ', 'XII MIPA 3', NULL, NULL),
(113, 212210109, ' BOBBY RACHMAN ', ' BOBBY RACHMAN ', 'XII MIPA 3', NULL, NULL),
(114, 212210110, ' DESTIARA JUWITA ', ' DESTIARA JUWITA ', 'XII MIPA 3', NULL, NULL),
(115, 212210111, ' DITHA NAYLA AZ _ZAHRA ', ' DITHA NAYLA AZ _ZAHRA ', 'XII MIPA 3', NULL, NULL),
(116, 212210112, ' FEBRIAN ', ' FEBRIAN ', 'XII MIPA 3', NULL, NULL),
(117, 212210113, ' FUTRI FITRIYANA ', ' FUTRI FITRIYANA ', 'XII MIPA 3', NULL, NULL),
(118, 212210114, ' GEA NURHIDAYAH ', ' GEA NURHIDAYAH ', 'XII MIPA 3', NULL, NULL),
(119, 212210115, ' HERAWATY AGUSTIN ', ' HERAWATY AGUSTIN ', 'XII MIPA 3', NULL, NULL),
(120, 212210116, ' INDRA MAULANA ', ' INDRA MAULANA ', 'XII MIPA 3', NULL, NULL),
(121, 212210117, ' JIHAN ALIEFA ', ' JIHAN ALIEFA ', 'XII MIPA 3', NULL, NULL),
(122, 212210118, ' LIVIA DWI LIANI ', ' LIVIA DWI LIANI ', 'XII MIPA 3', NULL, NULL),
(123, 212210119, ' M AHSANUL AMAL ', ' M AHSANUL AMAL ', 'XII MIPA 3', NULL, NULL),
(124, 212210120, ' MOCH FARHAN FADLYAN N ', ' MOCH FARHAN FADLYAN N ', 'XII MIPA 3', NULL, NULL),
(125, 212210121, ' MOHAMMAD ZULFAN RAMADHAN ', ' MOHAMMAD ZULFAN RAMADHAN ', 'XII MIPA 3', NULL, NULL),
(126, 212210122, ' MUTIA SRI RAHAYU ', ' MUTIA SRI RAHAYU ', 'XII MIPA 3', NULL, NULL),
(127, 212210123, ' NAJWA ARDELIA MAHARANI ', ' NAJWA ARDELIA MAHARANI ', 'XII MIPA 3', NULL, NULL),
(128, 212210124, ' NAWAL NAILANY ', ' NAWAL NAILANY ', 'XII MIPA 3', NULL, NULL),
(129, 212210125, ' NAZWA ALYA SALSABILA ', ' NAZWA ALYA SALSABILA ', 'XII MIPA 3', NULL, NULL),
(130, 212210126, ' NURI ZASQYA PUTRI ', ' NURI ZASQYA PUTRI ', 'XII MIPA 3', NULL, NULL),
(131, 212210127, ' OKI ADITYA ', ' OKI ADITYA ', 'XII MIPA 3', NULL, NULL),
(132, 212210128, ' QANITA WAHDATUL IMAMI ', ' QANITA WAHDATUL IMAMI ', 'XII MIPA 3', NULL, NULL),
(133, 212210129, ' REYNA  AVRILIA ', ' REYNA  AVRILIA ', 'XII MIPA 3', NULL, NULL),
(134, 212210130, ' RIFALDI ALDRIYANSYAH ', ' RIFALDI ALDRIYANSYAH ', 'XII MIPA 3', NULL, NULL),
(135, 212210131, ' S. DINDA AULIA PERTIWI ', ' S. DINDA AULIA PERTIWI ', 'XII MIPA 3', NULL, NULL),
(136, 212210132, ' SALSABILA APRILIANI ', ' SALSABILA APRILIANI ', 'XII MIPA 3', NULL, NULL),
(137, 212210133, ' SHIRIN PRAKHAIRUNISA ', ' SHIRIN PRAKHAIRUNISA ', 'XII MIPA 3', NULL, NULL),
(138, 212210134, ' SUCI RAHMADINI ', ' SUCI RAHMADINI ', 'XII MIPA 3', NULL, NULL),
(139, 212210135, ' TINA SILFANA AULIA ', ' TINA SILFANA AULIA ', 'XII MIPA 3', NULL, NULL),
(140, 212210136, ' VALIANT CRUVER ', ' VALIANT CRUVER ', 'XII MIPA 3', NULL, NULL),
(141, 212210137, ' YUSRINA FAUZIYYAH ', ' YUSRINA FAUZIYYAH ', 'XII MIPA 3', NULL, NULL),
(142, 212210428, ' HILAL BILLAIL ', ' HILAL BILLAIL ', 'XII MIPA 3', NULL, NULL),
(143, 212210429, 'NADIA AGUSTINA MAULANA', 'NADIA AGUSTINA MAULANA', 'XII MIPA 3', NULL, NULL),
(144, 212210138, ' AILA ZAHRA MAKARIM ', ' AILA ZAHRA MAKARIM ', 'XII MIPA 4', NULL, NULL),
(145, 212210139, ' AKIRA AVICENNA HABIBILLAH ', ' AKIRA AVICENNA HABIBILLAH ', 'XII MIPA 4', NULL, NULL),
(146, 212210140, ' AMALIA PUTRI MULYANA ', ' AMALIA PUTRI MULYANA ', 'XII MIPA 4', NULL, NULL),
(147, 212210141, ' ANISA NURBAETI ', ' ANISA NURBAETI ', 'XII MIPA 4', NULL, NULL),
(148, 212210142, ' ANNISA RIZQI RAMADIANI ', ' ANNISA RIZQI RAMADIANI ', 'XII MIPA 4', NULL, NULL),
(149, 212210143, ' AQIL JUBAIR NIBRAS ', ' AQIL JUBAIR NIBRAS ', 'XII MIPA 4', NULL, NULL),
(150, 212210144, ' AZZAHRA NUR FADILLAH ', ' AZZAHRA NUR FADILLAH ', 'XII MIPA 4', NULL, NULL),
(151, 212210145, ' CAHYA PURNAMA ', ' CAHYA PURNAMA ', 'XII-MIPA-4', NULL, NULL),
(152, 212210146, ' DESWITA RAHAYU NURANI ', ' DESWITA RAHAYU NURANI ', 'XII-MIPA-4', NULL, NULL),
(153, 212210147, ' DIKA ISNAIN FIRDAUS ', ' DIKA ISNAIN FIRDAUS ', 'XII-MIPA-4', NULL, NULL),
(154, 212210148, ' DWI RETNO WULAN ', ' DWI RETNO WULAN ', 'XII-MIPA-4', NULL, NULL),
(155, 212210149, ' FADHILA AISYAH NURVIANTI ', ' FADHILA AISYAH NURVIANTI ', 'XII-MIPA-4', NULL, NULL),
(156, 212210150, ' FAJAR BAYU SAFARI ', ' FAJAR BAYU SAFARI ', 'XII-MIPA-4', NULL, NULL),
(157, 212210151, ' GESAN IHSAN MAULANA ', ' GESAN IHSAN MAULANA ', 'XII-MIPA-4', NULL, NULL),
(158, 212210152, ' HESTI WULANDARI ', ' HESTI WULANDARI ', 'XII-MIPA-4', NULL, NULL),
(159, 212210153, ' IQBAL MAULANA SASTRA ', ' IQBAL MAULANA SASTRA ', 'XII-MIPA-4', NULL, NULL),
(160, 212210154, ' KANAYA TABITHA PRAHMAN ', ' KANAYA TABITHA PRAHMAN ', 'XII-MIPA-4', NULL, NULL),
(161, 212210155, ' LU`LU PUTRI NUR RAHMAT ', ' LU`LU PUTRI NUR RAHMAT ', 'XII-MIPA-4', NULL, NULL),
(162, 212210156, ' MOCH GIAN RABBANI ', ' MOCH GIAN RABBANI ', 'XII-MIPA-4', NULL, NULL),
(163, 212210157, ' MUHAMAD ALWI SUPRIADI ', ' MUHAMAD ALWI SUPRIADI ', 'XII-MIPA-4', NULL, NULL),
(164, 212210158, ' MUHAMMAD FADLI FAIRUZA ', ' MUHAMMAD FADLI FAIRUZA ', 'XII-MIPA-4', NULL, NULL),
(165, 212210159, ' MUTIARA IWANDA PUTRI ', ' MUTIARA IWANDA PUTRI ', 'XII-MIPA-4', NULL, NULL),
(166, 212210160, ' NAFISHA TAQQIYA SULAEMAN ', ' NAFISHA TAQQIYA SULAEMAN ', 'XII-MIPA-4', NULL, NULL),
(167, 212210161, ' NAJWA KAMILA ANASYA ', ' NAJWA KAMILA ANASYA ', 'XII-MIPA-4', NULL, NULL),
(168, 212210162, ' NINDA HERLANDANI ', ' NINDA HERLANDANI ', 'XII-MIPA-4', NULL, NULL),
(169, 212210163, ' OLIVIA EKAPUTRI ', ' OLIVIA EKAPUTRI ', 'XII-MIPA-4', NULL, NULL),
(170, 212210164, ' RACHIL RAUDHOTUL JANNAH ', ' RACHIL RAUDHOTUL JANNAH ', 'XII-MIPA-4', NULL, NULL),
(171, 212210165, ' RANDYKA PUTRA PRATAMA AGUSTYAN RAHMAN ', ' RANDYKA PUTRA PRATAMA AGUSTYAN RAHMAN ', 'XII-MIPA-4', NULL, NULL),
(172, 212210166, ' RIKI MOHAMAD ZAM ZAM MUBAROK ', ' RIKI MOHAMAD ZAM ZAM MUBAROK ', 'XII-MIPA-4', NULL, NULL),
(173, 212210167, ' SAHRANI MAULIDYA ', ' SAHRANI MAULIDYA ', 'XII-MIPA-4', NULL, NULL),
(174, 212210168, ' SALSABILA AZ ZIKRA ', ' SALSABILA AZ ZIKRA ', 'XII-MIPA-4', NULL, NULL),
(175, 212210169, ' SILMIYATI ', ' SILMIYATI ', 'XII-MIPA-4', NULL, NULL),
(176, 212210170, ' USI KHOIRUNISA ', ' USI KHOIRUNISA ', 'XII-MIPA-4', NULL, NULL),
(177, 212210171, ' YASMI RABBANI SOPIAN ', ' YASMI RABBANI SOPIAN ', 'XII-MIPA-4', NULL, NULL),
(178, 212210172, ' YOGA PERMANA ', ' YOGA PERMANA ', 'XII-MIPA-4', NULL, NULL),
(179, 212210173, ' ZABINA SALSABILA ', ' ZABINA SALSABILA ', 'XII-MIPA-4', NULL, NULL),
(180, 222311426, ' RENITA NURHIZRA ', ' RENITA NURHIZRA ', 'XII-MIPA-4', NULL, NULL),
(181, 212210174, ' AILSA RAHMA ', ' AILSA RAHMA ', 'XII-MIPA-5', NULL, NULL),
(182, 212210175, ' ALDIAN NUR HALIM ', ' ALDIAN NUR HALIM ', 'XII-MIPA-5', NULL, NULL),
(183, 212210176, ' ANANDA YUNIARTI DEWI ', ' ANANDA YUNIARTI DEWI ', 'XII-MIPA-5', NULL, NULL),
(184, 212210177, ' ANJELICA AZILLIAN ', ' ANJELICA AZILLIAN ', 'XII-MIPA-5', NULL, NULL),
(185, 212210178, ' ARES KRESPO OKTAMA PURBA ', ' ARES KRESPO OKTAMA PURBA ', 'XII-MIPA-5', NULL, NULL),
(186, 212210179, ' AULIA NURFITRI ', ' AULIA NURFITRI ', 'XII-MIPA-5', NULL, NULL),
(187, 212210180, ' BILQIS NAILUFAR ', ' BILQIS NAILUFAR ', 'XII-MIPA-5', NULL, NULL),
(188, 212210181, ' DAFFA KHOIRI TAWAQAL ', ' DAFFA KHOIRI TAWAQAL ', 'XII-MIPA-5', NULL, NULL),
(189, 212210182, ' DEVI PERMATA PUTRI ', ' DEVI PERMATA PUTRI ', 'XII-MIPA-5', NULL, NULL),
(190, 212210183, ' ELIFA RAMEYZA MULYANA ', ' ELIFA RAMEYZA MULYANA ', 'XII-MIPA-5', NULL, NULL),
(191, 212210184, ' FAUZAN FAHRIZAL SUPRIATNA ', ' FAUZAN FAHRIZAL SUPRIATNA ', 'XII-MIPA-5', NULL, NULL),
(192, 212210185, ' GHANIA RABBANNI HIDAYAT ', ' GHANIA RABBANNI HIDAYAT ', 'XII-MIPA-5', NULL, NULL),
(193, 212210186, ' GHAZI RAFFI HENDRAYANA ', ' GHAZI RAFFI HENDRAYANA ', 'XII-MIPA-5', NULL, NULL),
(194, 212210187, ' IGAR APRILIA ', ' IGAR APRILIA ', 'XII-MIPA-5', NULL, NULL),
(195, 212210188, ' IRDAN NURHIKMAH ', ' IRDAN NURHIKMAH ', 'XII-MIPA-5', NULL, NULL),
(196, 212210189, ' KARIN AYU LAKSMI ANINDITHA ', ' KARIN AYU LAKSMI ANINDITHA ', 'XII-MIPA-5', NULL, NULL),
(197, 212210190, ' MATHEW FAREL CESAR SAPTO ', ' MATHEW FAREL CESAR SAPTO ', 'XII-MIPA-5', NULL, NULL),
(198, 212210191, ' MOCH RAFFI ANDRA SYAPUTRA ', ' MOCH RAFFI ANDRA SYAPUTRA ', 'XII-MIPA-5', NULL, NULL),
(199, 212210192, ' MUHAMAD RAFLI HAERI ', ' MUHAMAD RAFLI HAERI ', 'XII-MIPA-5', NULL, NULL),
(200, 212210193, ' MUTIA RAHMI AULIA ', ' MUTIA RAHMI AULIA ', 'XII-MIPA-5', NULL, NULL),
(201, 212210194, ' MUTIARA TAZKIA FAUZIAH ', ' MUTIARA TAZKIA FAUZIAH ', 'XII-MIPA-5', NULL, NULL),
(202, 212210195, ' NAJWA KHALISHA ', ' NAJWA KHALISHA ', 'XII-MIPA-5', NULL, NULL),
(203, 212210196, ' NAZWA PUTRI RAHAYU ', ' NAZWA PUTRI RAHAYU ', 'XII-MIPA-5', NULL, NULL),
(204, 212210197, ' NISA AGNIANTI ', ' NISA AGNIANTI ', 'XII-MIPA-5', NULL, NULL),
(205, 212210198, ' PATHIA NISA SUKMAYANI ', ' PATHIA NISA SUKMAYANI ', 'XII-MIPA-5', NULL, NULL),
(206, 212210199, ' RAHMA ALPI AZZAHRA ', ' RAHMA ALPI AZZAHRA ', 'XII-MIPA-5', NULL, NULL),
(207, 212210200, ' RAYHAN MUHAMMAD RAMADHAN ', ' RAYHAN MUHAMMAD RAMADHAN ', 'XII-MIPA-5', NULL, NULL),
(208, 212210201, ' RICA JELITA ANDILA FEBRIYONO ', ' RICA JELITA ANDILA FEBRIYONO ', 'XII-MIPA-5', NULL, NULL),
(209, 212210202, ' RISMA FEBRIANTY ', ' RISMA FEBRIANTY ', 'XII-MIPA-5', NULL, NULL),
(210, 212210203, ' RIVAL RIDHO RAHAYU ', ' RIVAL RIDHO RAHAYU ', 'XII-MIPA-5', NULL, NULL),
(211, 212210204, ' SALHA SAUMI NUR HIDAYAH ', ' SALHA SAUMI NUR HIDAYAH ', 'XII-MIPA-5', NULL, NULL),
(212, 212210205, ' SALWA AZ ZAHRA ', ' SALWA AZ ZAHRA ', 'XII-MIPA-5', NULL, NULL),
(213, 212210206, ' SILVASYA RIPPA KHAIRUNNISA ', ' SILVASYA RIPPA KHAIRUNNISA ', 'XII-MIPA-5', NULL, NULL),
(214, 212210207, ' SYIFA MUTMAINAH ', ' SYIFA MUTMAINAH ', 'XII-MIPA-5', NULL, NULL),
(215, 212210208, ' UTARI NOER TSALSABILAH ', ' UTARI NOER TSALSABILAH ', 'XII-MIPA-5', NULL, NULL),
(216, 212210209, ' ZACKY AZHARI JAMALUDIN ', ' ZACKY AZHARI JAMALUDIN ', 'XII-MIPA-5', NULL, NULL),
(217, 222311427, ' MUHAMMAD AKBAR NUR HASAN ', ' MUHAMMAD AKBAR NUR HASAN ', 'XII-MIPA-5', NULL, NULL),
(218, 212210210, ' ALIA KHOERUNNISA SYAH PUTRI ', ' ALIA KHOERUNNISA SYAH PUTRI ', 'XII-MIPA-6', NULL, NULL),
(219, 212210212, ' AMELIA RAMADHANI ', ' AMELIA RAMADHANI ', 'XII-MIPA-6', NULL, NULL),
(220, 212210213, ' ARLIA RIZKY MAULANI ', ' ARLIA RIZKY MAULANI ', 'XII-MIPA-6', NULL, NULL),
(221, 212210214, ' ASTI MAUDY WULAN DARI ', ' ASTI MAUDY WULAN DARI ', 'XII-MIPA-6', NULL, NULL),
(222, 212210215, ' BUNGA KEZIA PUTRI SHADPASTYA ', ' BUNGA KEZIA PUTRI SHADPASTYA ', 'XII-MIPA-6', NULL, NULL),
(223, 212210216, ' DANIELLA KERIN SAPUTRA ', ' DANIELLA KERIN SAPUTRA ', 'XII-MIPA-6', NULL, NULL),
(224, 212210217, ' ERIN DWI MAHARANI SERMANA ', ' ERIN DWI MAHARANI SERMANA ', 'XII-MIPA-6', NULL, NULL),
(225, 212210218, ' FIJAR DIVA INSANI ', ' FIJAR DIVA INSANI ', 'XII-MIPA-6', NULL, NULL),
(226, 212210219, ' GHINA AMELYA ', ' GHINA AMELYA ', 'XII-MIPA-6', NULL, NULL),
(227, 212210220, ' GHINA NASYWA LESTARI ', ' GHINA NASYWA LESTARI ', 'XII-MIPA-6', NULL, NULL),
(228, 212210221, ' GHISAN ARIF RAHMAN ', ' GHISAN ARIF RAHMAN ', 'XII-MIPA-6', NULL, NULL),
(229, 212210222, ' ISTIANI MUSTAWANI ', ' ISTIANI MUSTAWANI ', 'XII-MIPA-6', NULL, NULL),
(230, 212210223, ' JHOVANDO JHONE AL AKBAR ', ' JHOVANDO JHONE AL AKBAR ', 'XII-MIPA-6', NULL, NULL),
(231, 212210224, ' KAYLA MEIRANTY NURNAZILLAH ', ' KAYLA MEIRANTY NURNAZILLAH ', 'XII-MIPA-6', NULL, NULL),
(232, 212210225, ' MAULANA ISHAK ', ' MAULANA ISHAK ', 'XII-MIPA-6', NULL, NULL),
(233, 212210226, ' MOCH REDZA APRIZAL ', ' MOCH REDZA APRIZAL ', 'XII-MIPA-6', NULL, NULL),
(234, 212210227, ' MUHAMAD RIZAL RAMDHANI ', ' MUHAMAD RIZAL RAMDHANI ', 'XII-MIPA-6', NULL, NULL),
(235, 212210228, ' MUHAMMAD RIFA SEPTIAN ', ' MUHAMMAD RIFA SEPTIAN ', 'XII-MIPA-6', NULL, NULL),
(236, 212210229, ' NASYWA HENDRA NAUFAL ', ' NASYWA HENDRA NAUFAL ', 'XII-MIPA-6', NULL, NULL),
(237, 212210230, ' NAZWA SYAWAL KHAIRUNNISA ', ' NAZWA SYAWAL KHAIRUNNISA ', 'XII-MIPA-6', NULL, NULL),
(238, 212210231, ' NISA UROHMAH ', ' NISA UROHMAH ', 'XII-MIPA-6', NULL, NULL),
(239, 212210232, ' PEBI PEBRIYANTI ', ' PEBI PEBRIYANTI ', 'XII-MIPA-6', NULL, NULL),
(240, 212210233, ' PERENA FIRUZIA SABRANSYAH ', ' PERENA FIRUZIA SABRANSYAH ', 'XII-MIPA-6', NULL, NULL),
(241, 212210234, ' RAHMA AULIA ', ' RAHMA AULIA ', 'XII-MIPA-6', NULL, NULL),
(242, 212210235, ' RD MOCH FAJAR ILHAM JUFIANSYAH G Z A ', ' RD MOCH FAJAR ILHAM JUFIANSYAH G Z A ', 'XII-MIPA-6', NULL, NULL),
(243, 212210236, ' RIZKI ANDRIANA ', ' RIZKI ANDRIANA ', 'XII-MIPA-6', NULL, NULL),
(244, 212210237, ' SALMA FEBRIYANTI ', ' SALMA FEBRIYANTI ', 'XII-MIPA-6', NULL, NULL),
(245, 212210238, ' SALMA NAFIS NABILAH ', ' SALMA NAFIS NABILAH ', 'XII-MIPA-6', NULL, NULL),
(246, 212210239, ' SAPUTRI MULYANI ', ' SAPUTRI MULYANI ', 'XII-MIPA-6', NULL, NULL),
(247, 212210240, ' SILVIA NURUL HAYAT ', ' SILVIA NURUL HAYAT ', 'XII-MIPA-6', NULL, NULL),
(248, 212210241, ' TABINA FATA NAZIHAH ', ' TABINA FATA NAZIHAH ', 'XII-MIPA-6', NULL, NULL),
(249, 212210242, ' TRESNA CIPTANING ATI ', ' TRESNA CIPTANING ATI ', 'XII-MIPA-6', NULL, NULL),
(250, 212210243, ' VELLA YULISA RAHMAWATI ', ' VELLA YULISA RAHMAWATI ', 'XII-MIPA-6', NULL, NULL),
(251, 212210244, ' ZAHRA MARDIANA ', ' ZAHRA MARDIANA ', 'XII-MIPA-6', NULL, NULL),
(252, 212210245, ' ZHOYYA  APRILLA TAWAKAL ', ' ZHOYYA  APRILLA TAWAKAL ', 'XII-MIPA-6', NULL, NULL),
(253, 222311428, ' RAZAN RASYID ', ' RAZAN RASYID ', 'XII-MIPA-6', NULL, NULL),
(254, 212210246, ' ALI HANAFIAH ', ' ALI HANAFIAH ', 'XII-MIPA-7', NULL, NULL),
(255, 212210247, ' ANANDA RIZKI ERVYAM ALFADINA ', ' ANANDA RIZKI ERVYAM ALFADINA ', 'XII-MIPA-7', NULL, NULL),
(256, 212210248, ' ARSYAL SECHONDARY PHILIARAHMAN ', ' ARSYAL SECHONDARY PHILIARAHMAN ', 'XII-MIPA-7', NULL, NULL),
(257, 212210249, ' AULIA FAZA DEZANI ', ' AULIA FAZA DEZANI ', 'XII-MIPA-7', NULL, NULL),
(258, 212210250, ' DALFA HIKMAH FADILLA ', ' DALFA HIKMAH FADILLA ', 'XII-MIPA-7', NULL, NULL),
(259, 212210251, ' DAROJATUL ULYA ', ' DAROJATUL ULYA ', 'XII-MIPA-7', NULL, NULL),
(260, 212210252, ' DILA DAMAYANTI ', ' DILA DAMAYANTI ', 'XII-MIPA-7', NULL, NULL),
(261, 212210253, ' FANNY SEPHYA ', ' FANNY SEPHYA ', 'XII-MIPA-7', NULL, NULL),
(262, 212210254, ' FIKRI GIFARI ', ' FIKRI GIFARI ', 'XII-MIPA-7', NULL, NULL),
(263, 212210255, ' GINA MEIRAHAYU ', ' GINA MEIRAHAYU ', 'XII-MIPA-7', NULL, NULL),
(264, 212210256, ' GUNTUR PRATAMA LESMANA ', ' GUNTUR PRATAMA LESMANA ', 'XII-MIPA-7', NULL, NULL),
(265, 212210257, ' ISWA SANJANI ', ' ISWA SANJANI ', 'XII-MIPA-7', NULL, NULL),
(266, 212210258, ' JULIAN ', ' JULIAN ', 'XII-MIPA-7', NULL, NULL),
(267, 212210259, ' KAYLA MUTHIARA NAVISAH ', ' KAYLA MUTHIARA NAVISAH ', 'XII-MIPA-7', NULL, NULL),
(268, 212210260, ' LOLA LARASATI BR PASARIBU ', ' LOLA LARASATI BR PASARIBU ', 'XII-MIPA-7', NULL, NULL),
(269, 212210261, ' MEGA SRI LESTARI ', ' MEGA SRI LESTARI ', 'XII-MIPA-7', NULL, NULL),
(270, 212210262, ' MOCH ADRIAN JANUAR ', ' MOCH ADRIAN JANUAR ', 'XII-MIPA-7', NULL, NULL),
(271, 212210263, ' MOCHAMMAD SYAHRIL RAMDANI ', ' MOCHAMMAD SYAHRIL RAMDANI ', 'XII-MIPA-7', NULL, NULL),
(272, 212210264, ' MUHAMMAD ALFAREZA RAFFISHA HIDAYAT ', ' MUHAMMAD ALFAREZA RAFFISHA HIDAYAT ', 'XII-MIPA-7', NULL, NULL),
(273, 212210266, ' NAA`ILA NUR MUSYAFFA ', ' NAA`ILA NUR MUSYAFFA ', 'XII-MIPA-7', NULL, NULL),
(274, 212210267, ' NAWLA ZURAYA ', ' NAWLA ZURAYA ', 'XII-MIPA-7', NULL, NULL),
(275, 212210268, ' NEISYA RAHMADIANI ', ' NEISYA RAHMADIANI ', 'XII-MIPA-7', NULL, NULL),
(276, 212210269, ' NISPA AZIZAH ', ' NISPA AZIZAH ', 'XII-MIPA-7', NULL, NULL),
(277, 212210270, ' PUTRI AKMALINA NURUL `AIN MASROFI ', ' PUTRI AKMALINA NURUL `AIN MASROFI ', 'XII-MIPA-7', NULL, NULL),
(278, 212210271, ' RAYYAN SITI AZZAHRA ', ' RAYYAN SITI AZZAHRA ', 'XII-MIPA-7', NULL, NULL),
(279, 212210272, ' RENDY RIFALDI SUBAGJA ', ' RENDY RIFALDI SUBAGJA ', 'XII-MIPA-7', NULL, NULL),
(280, 212210273, ' RIFA AYU LESTARI ', ' RIFA AYU LESTARI ', 'XII-MIPA-7', NULL, NULL),
(281, 212210274, ' SAEPULOH ', ' SAEPULOH ', 'XII-MIPA-7', NULL, NULL),
(282, 212210275, ' SALMA NURUL AZIZAH ', ' SALMA NURUL AZIZAH ', 'XII-MIPA-7', NULL, NULL),
(283, 212210276, ' SARAH NURNABILA ', ' SARAH NURNABILA ', 'XII-MIPA-7', NULL, NULL),
(284, 212210277, ' SITA ALIVIA ', ' SITA ALIVIA ', 'XII-MIPA-7', NULL, NULL),
(285, 212210278, ' TASYA MIFTAHUL JANAH ', ' TASYA MIFTAHUL JANAH ', 'XII-MIPA-7', NULL, NULL),
(286, 212210279, ' VIRGINA CANTIKA PUTRI HERMAWAN ', ' VIRGINA CANTIKA PUTRI HERMAWAN ', 'XII-MIPA-7', NULL, NULL),
(287, 212210280, ' ZAHRAH NAZWA SARAHAH ', ' ZAHRAH NAZWA SARAHAH ', 'XII-MIPA-7', NULL, NULL),
(288, 212210281, ' ZIHAN NUR SAZIDA ', ' ZIHAN NUR SAZIDA ', 'XII-MIPA-7', NULL, NULL),
(289, 212210282, ' ABDUL AZIZ SYIHABUDIN ', ' ABDUL AZIZ SYIHABUDIN ', 'XII-IPS-1', NULL, NULL),
(290, 212210283, ' AFIFAH TIAS RAMADHANI ', ' AFIFAH TIAS RAMADHANI ', 'XII-IPS-1', NULL, NULL),
(291, 212210284, ' ALEXA SONDARI ', ' ALEXA SONDARI ', 'XII-IPS-1', NULL, NULL),
(292, 212210285, ' ALIMA SHABRINA DAMAYANTI PERMANA ', ' ALIMA SHABRINA DAMAYANTI PERMANA ', 'XII-IPS-1', NULL, NULL),
(293, 212210286, ' ALNA SUGIKA PRATAMA ', ' ALNA SUGIKA PRATAMA ', 'XII-IPS-1', NULL, NULL),
(294, 212210287, ' ARDHI ARYADINATA ', ' ARDHI ARYADINATA ', 'XII-IPS-1', NULL, NULL),
(295, 212210288, ' AYI ANDRIAWAN ', ' AYI ANDRIAWAN ', 'XII-IPS-1', NULL, NULL),
(296, 212210289, ' DADAN KRISTIAN ALLAGAN ', ' DADAN KRISTIAN ALLAGAN ', 'XII-IPS-1', NULL, NULL),
(297, 212210290, ' DELLA SAFITRI ', ' DELLA SAFITRI ', 'XII-IPS-1', NULL, NULL),
(298, 212210291, ' DIMAR MUHAMAD FAUZI ', ' DIMAR MUHAMAD FAUZI ', 'XII-IPS-1', NULL, NULL),
(299, 212210292, ' FAHRI JANUAR ALFARIZI ', ' FAHRI JANUAR ALFARIZI ', 'XII-IPS-1', NULL, NULL),
(300, 212210293, ' FISKI SASKIA PRATIWI ', ' FISKI SASKIA PRATIWI ', 'XII-IPS-1', NULL, NULL),
(301, 212210294, ' HASNAN SAYERI ', ' HASNAN SAYERI ', 'XII-IPS-1', NULL, NULL),
(302, 212210295, ' INDRA LAKSANA ', ' INDRA LAKSANA ', 'XII-IPS-1', NULL, NULL),
(303, 212210296, ' IZMI AYUNING HERMAWAN ', ' IZMI AYUNING HERMAWAN ', 'XII-IPS-1', NULL, NULL),
(304, 212210297, ' MARIA LAUREN FLORIANA PAKPAHAN ', ' MARIA LAUREN FLORIANA PAKPAHAN ', 'XII-IPS-1', NULL, NULL),
(305, 212210298, ' MARZUQAH TAFIDAH ', ' MARZUQAH TAFIDAH ', 'XII-IPS-1', NULL, NULL),
(306, 212210299, ' MAULANA FAJAR SIDIQ ', ' MAULANA FAJAR SIDIQ ', 'XII-IPS-1', NULL, NULL),
(307, 212210300, ' MUHAMAD RAJIMAN MAULUD ', ' MUHAMAD RAJIMAN MAULUD ', 'XII-IPS-1', NULL, NULL),
(308, 212210301, ' MUHAMMAD ABDAN SYAKURON ', ' MUHAMMAD ABDAN SYAKURON ', 'XII-IPS-1', NULL, NULL),
(309, 212210302, ' MUHAMMAD SOFWAN SUBARI ', ' MUHAMMAD SOFWAN SUBARI ', 'XII-IPS-1', NULL, NULL),
(310, 212210303, ' NABILA NANDA AULIA ', ' NABILA NANDA AULIA ', 'XII-IPS-1', NULL, NULL),
(311, 212210304, ' NAZLA AULIA YULIANI ', ' NAZLA AULIA YULIANI ', 'XII-IPS-1', NULL, NULL),
(312, 212210305, ' NISSAK AULIARINI ', ' NISSAK AULIARINI ', 'XII-IPS-1', NULL, NULL),
(313, 212210306, ' OLIVIA NAZWA ', ' OLIVIA NAZWA ', 'XII-IPS-1', NULL, NULL),
(314, 212210307, ' RESTU SYAQILA RAIMAN ', ' RESTU SYAQILA RAIMAN ', 'XII-IPS-1', NULL, NULL),
(315, 212210308, ' RISYAP FADILAH DARMANSYAH ', ' RISYAP FADILAH DARMANSYAH ', 'XII-IPS-1', NULL, NULL),
(316, 212210309, ' SALMAH ', ' SALMAH ', 'XII-IPS-1', NULL, NULL),
(317, 212210310, ' SALSABILA ', ' SALSABILA ', 'XII-IPS-1', NULL, NULL),
(318, 212210311, ' SAMUEL ALFONSO ', ' SAMUEL ALFONSO ', 'XII-IPS-1', NULL, NULL),
(319, 212210312, ' SENI NUR WULANDARI ', ' SENI NUR WULANDARI ', 'XII-IPS-1', NULL, NULL),
(320, 212210313, ' SYACHIRA NUR FAUZIA ', ' SYACHIRA NUR FAUZIA ', 'XII-IPS-1', NULL, NULL),
(321, 212210314, ' TINA RAHAYU ', ' TINA RAHAYU ', 'XII-IPS-1', NULL, NULL),
(322, 212210315, ' YOLDAN SABASTIAN GUNAWAN ', ' YOLDAN SABASTIAN GUNAWAN ', 'XII-IPS-1', NULL, NULL),
(323, 212210316, ' ZAUZIA SITI ZAHRA ', ' ZAUZIA SITI ZAHRA ', 'XII-IPS-1', NULL, NULL),
(324, 212210430, ' SOFWA ANZALIYA AZZAHRA ', ' SOFWA ANZALIYA AZZAHRA ', 'XII-IPS-1', NULL, NULL),
(325, 212210317, ' ADRIAN KAPITAN HADININGRAT ', ' ADRIAN KAPITAN HADININGRAT ', 'XII-IPS-2', NULL, NULL),
(326, 212210318, ' ALIFA PUTRI JULIANDARY ', ' ALIFA PUTRI JULIANDARY ', 'XII-IPS-2', NULL, NULL),
(327, 212210321, ' ARI FIRMANSYAH ', ' ARI FIRMANSYAH ', 'XII-IPS-2', NULL, NULL),
(328, 212210322, ' AZMI ALAWIYAH ', ' AZMI ALAWIYAH ', 'XII-IPS-2', NULL, NULL),
(329, 212210323, ' BERLIYANO MAULANA JIHAD ', ' BERLIYANO MAULANA JIHAD ', 'XII-IPS-2', NULL, NULL),
(330, 212210324, ' CICI SYACHYANI ', ' CICI SYACHYANI ', 'XII-IPS-2', NULL, NULL),
(331, 212210325, ' DEVID ABDUL HAVID ', ' DEVID ABDUL HAVID ', 'XII-IPS-2', NULL, NULL),
(332, 212210326, ' DIMAS RIZKY AL-GHIFARI ', ' DIMAS RIZKY AL-GHIFARI ', 'XII-IPS-2', NULL, NULL),
(333, 212210327, ' DIVINA ZAHRA PUTRI RISMAN ', ' DIVINA ZAHRA PUTRI RISMAN ', 'XII-IPS-2', NULL, NULL),
(334, 212210328, ' FAWWAZ NUR SYAMSUDIN ', ' FAWWAZ NUR SYAMSUDIN ', 'XII-IPS-2', NULL, NULL),
(335, 212210329, ' GHITA MULYANI ', ' GHITA MULYANI ', 'XII-IPS-2', NULL, NULL),
(336, 212210330, ' HAVIZ MUHAMAD YUSUP ', ' HAVIZ MUHAMAD YUSUP ', 'XII-IPS-2', NULL, NULL),
(337, 212210331, ' JAIHAN AINUNNISA ', ' JAIHAN AINUNNISA ', 'XII-IPS-2', NULL, NULL),
(338, 212210332, ' KAMELIA SALSANABILA ', ' KAMELIA SALSANABILA ', 'XII-IPS-2', NULL, NULL),
(339, 212210333, ' KRISNA MOCH FEBRIAN ', ' KRISNA MOCH FEBRIAN ', 'XII-IPS-2', NULL, NULL),
(340, 212210334, ' MAGHSAL IBRAHIM ', ' MAGHSAL IBRAHIM ', 'XII-IPS-2', NULL, NULL),
(341, 212210335, ' MOCH HASBI RAMDANI ', ' MOCH HASBI RAMDANI ', 'XII-IPS-2', NULL, NULL),
(342, 212210336, ' MUHAMAD RIPA NURBANI HASNI ', ' MUHAMAD RIPA NURBANI HASNI ', 'XII-IPS-2', NULL, NULL),
(343, 212210337, ' MUHAMMAD BALDI DAIRUS ', ' MUHAMMAD BALDI DAIRUS ', 'XII-IPS-2', NULL, NULL),
(344, 212210339, ' NABILA SAFITRI ', ' NABILA SAFITRI ', 'XII-IPS-2', NULL, NULL),
(345, 212210340, ' NESYA PUTRI NAJWA ', ' NESYA PUTRI NAJWA ', 'XII-IPS-2', NULL, NULL),
(346, 212210341, ' NEYLA SEPTIAN RAMADHANI ', ' NEYLA SEPTIAN RAMADHANI ', 'XII-IPS-2', NULL, NULL),
(347, 212210342, ' NIDYA ZULFATUDDHUHA ', ' NIDYA ZULFATUDDHUHA ', 'XII-IPS-2', NULL, NULL),
(348, 212210343, ' RAIHAN ISNA NURHAKIM SAPUTRA ', ' RAIHAN ISNA NURHAKIM SAPUTRA ', 'XII-IPS-2', NULL, NULL),
(349, 212210344, ' REVALINA NOVIANTI ', ' REVALINA NOVIANTI ', 'XII-IPS-2', NULL, NULL),
(350, 212210345, ' RIVAL FIRMANSYAH ', ' RIVAL FIRMANSYAH ', 'XII-IPS-2', NULL, NULL),
(351, 212210346, ' SALSABILA ', ' SALSABILA ', 'XII-IPS-2', NULL, NULL),
(352, 212210347, ' SHAKILA JOLLY PUTRI ', ' SHAKILA JOLLY PUTRI ', 'XII-IPS-2', NULL, NULL),
(353, 212210348, ' SYAHIRA PUTRI SEPTIANY ', ' SYAHIRA PUTRI SEPTIANY ', 'XII-IPS-2', NULL, NULL),
(354, 212210349, ' SYHEL QORINA HUMAIRA ', ' SYHEL QORINA HUMAIRA ', 'XII-IPS-2', NULL, NULL),
(355, 212210350, ' TANGGUH PURNAMA ', ' TANGGUH PURNAMA ', 'XII-IPS-2', NULL, NULL),
(356, 212210351, ' WAFIK AJIZAH ', ' WAFIK AJIZAH ', 'XII-IPS-2', NULL, NULL),
(357, 212210352, ' YUSRAN MUHAMAD MIZAN ', ' YUSRAN MUHAMAD MIZAN ', 'XII-IPS-2', NULL, NULL),
(358, 222311430, ' MAULID SYAM MUSTHOPA ', ' MAULID SYAM MUSTHOPA ', 'XII-IPS-2', NULL, NULL),
(359, 222311431, ' MUHAMMAD IBRAHIM ABDUL HAFIZH ', ' MUHAMMAD IBRAHIM ABDUL HAFIZH ', 'XII-IPS-2', NULL, NULL),
(360, 212210353, ' AHMAD RAFI A TUDIN ', ' AHMAD RAFI A TUDIN ', 'XII-IPS-3', NULL, NULL),
(361, 212210354, ' ALEX FERYANTO SITOHANG ', ' ALEX FERYANTO SITOHANG ', 'XII-IPS-3', NULL, NULL),
(362, 212210355, ' ALISA BILA AMALIA ', ' ALISA BILA AMALIA ', 'XII-IPS-3', NULL, NULL),
(363, 212210356, ' ALMAS SABILA DZIMAROH ', ' ALMAS SABILA DZIMAROH ', 'XII-IPS-3', NULL, NULL),
(364, 212210357, ' ANDHIRA ARYA NUGRAHA ', ' ANDHIRA ARYA NUGRAHA ', 'XII-IPS-3', NULL, NULL),
(365, 212210358, ' AULIA ANANDA PUTRI ', ' AULIA ANANDA PUTRI ', 'XII-IPS-3', NULL, NULL),
(366, 212210359, ' BILAL ALFARIZI ', ' BILAL ALFARIZI ', 'XII-IPS-3', NULL, NULL),
(367, 212210360, ' CITRA KARTIKA ', ' CITRA KARTIKA ', 'XII-IPS-3', NULL, NULL),
(368, 212210361, ' DHAFIN ALDILLA ZISSARA ', ' DHAFIN ALDILLA ZISSARA ', 'XII-IPS-3', NULL, NULL),
(369, 212210362, ' DZIKRI MUHAMMAD IHSAN ', ' DZIKRI MUHAMMAD IHSAN ', 'XII-IPS-3', NULL, NULL),
(370, 212210363, ' ERIKA PUTRI RAMADHANI ', ' ERIKA PUTRI RAMADHANI ', 'XII-IPS-3', NULL, NULL),
(371, 212210364, ' FAZRIEL MUHAMMAD JAMILI SETIA ', ' FAZRIEL MUHAMMAD JAMILI SETIA ', 'XII-IPS-3', NULL, NULL),
(372, 212210365, ' GIZA AMANDA ', ' GIZA AMANDA ', 'XII-IPS-3', NULL, NULL),
(373, 212210366, ' HEYKAL AKBAR TANJUNG ', ' HEYKAL AKBAR TANJUNG ', 'XII-IPS-3', NULL, NULL),
(374, 212210367, ' KEYSHA BUNGA KARINAPUTERI ', ' KEYSHA BUNGA KARINAPUTERI ', 'XII-IPS-3', NULL, NULL),
(375, 212210369, ' MOCH. BINTANG FADILLAH ', ' MOCH. BINTANG FADILLAH ', 'XII-IPS-3', NULL, NULL),
(376, 212210370, ' MUHAMAD RISAL FATULLOH ', ' MUHAMAD RISAL FATULLOH ', 'XII-IPS-3', NULL, NULL),
(377, 212210371, ' MUHAMMAD ARKAAN HAUZAAN ', ' MUHAMMAD ARKAAN HAUZAAN ', 'XII-IPS-3', NULL, NULL),
(378, 212210372, ' MUHAMMAD IQBAL ABDUL MALIK.R.K ', ' MUHAMMAD IQBAL ABDUL MALIK.R.K ', 'XII-IPS-3', NULL, NULL),
(379, 212210373, ' MUHAMMAD KEMAL TRIANDY PUTRA ', ' MUHAMMAD KEMAL TRIANDY PUTRA ', 'XII-IPS-3', NULL, NULL),
(380, 212210374, ' NABIL ZAHRAN KHOERULLOH ', ' NABIL ZAHRAN KHOERULLOH ', 'XII-IPS-3', NULL, NULL),
(381, 212210375, ' NADIYA AGISTINA NURUL HIDAYAH ', ' NADIYA AGISTINA NURUL HIDAYAH ', 'XII-IPS-3', NULL, NULL),
(382, 212210376, ' NAUFAL ARYAREKSA PRATAMA ', ' NAUFAL ARYAREKSA PRATAMA ', 'XII-IPS-3', NULL, NULL),
(383, 212210377, ' NENGSIH FEBRIANI SOLEHAH ', ' NENGSIH FEBRIANI SOLEHAH ', 'XII-IPS-3', NULL, NULL),
(384, 212210378, ' NEZHA PUTRI UTAMI ', ' NEZHA PUTRI UTAMI ', 'XII-IPS-3', NULL, NULL),
(385, 212210379, ' RAHMA PUTRI RAMADANI ', ' RAHMA PUTRI RAMADANI ', 'XII-IPS-3', NULL, NULL),
(386, 212210380, ' RAITEGAR MOHAMMAD IRFAN HUSNI ', ' RAITEGAR MOHAMMAD IRFAN HUSNI ', 'XII-IPS-3', NULL, NULL),
(387, 212210381, ' RIDHA RAHMANIA ', ' RIDHA RAHMANIA ', 'XII-IPS-3', NULL, NULL),
(388, 212210382, ' RIZKI SAEPUL ', ' RIZKI SAEPUL ', 'XII-IPS-3', NULL, NULL),
(389, 212210383, ' SALWA NURALIEFA FAUZIAH ', ' SALWA NURALIEFA FAUZIAH ', 'XII-IPS-3', NULL, NULL),
(390, 212210384, ' SILMI APRILIYA ', ' SILMI APRILIYA ', 'XII-IPS-3', NULL, NULL),
(391, 212210385, ' TASYARI DWI NINGRUM ', ' TASYARI DWI NINGRUM ', 'XII-IPS-3', NULL, NULL),
(392, 212210386, ' VINCENT PRINCE RA. ', ' VINCENT PRINCE RA. ', 'XII-IPS-3', NULL, NULL),
(393, 212210387, ' YUNITA YULIANTI ', ' YUNITA YULIANTI ', 'XII-IPS-3', NULL, NULL),
(394, 212210388, ' ZHIDAN SYAHRUL R ', ' ZHIDAN SYAHRUL R ', 'XII-IPS-3', NULL, NULL),
(395, 212210389, ' AHMAD RAHADIANSYAH ', ' AHMAD RAHADIANSYAH ', 'XII-IPS-4', NULL, NULL),
(396, 212210390, ' ALZENA ZAHRA ', ' ALZENA ZAHRA ', 'XII-IPS-4', NULL, NULL),
(397, 212210391, ' ANDREAS DWI SAPUTRA MANIK ', ' ANDREAS DWI SAPUTRA MANIK ', 'XII-IPS-4', NULL, NULL),
(398, 212210392, ' ASRUL REPALDO ', ' ASRUL REPALDO ', 'XII-IPS-4', NULL, NULL),
(399, 212210393, ' CAHYA RAHAYU ', ' CAHYA RAHAYU ', 'XII-IPS-4', NULL, NULL),
(400, 212210394, ' DAPINA LAURA ASIPA ', ' DAPINA LAURA ASIPA ', 'XII-IPS-4', NULL, NULL),
(401, 212210395, ' DHEA RACHMA YULIANI ', ' DHEA RACHMA YULIANI ', 'XII-IPS-4', NULL, NULL),
(402, 212210396, ' FAHMI RIZI ALBAR ', ' FAHMI RIZI ALBAR ', 'XII-IPS-4', NULL, NULL),
(403, 212210397, ' FAISAL ADITIA RAHMAN ', ' FAISAL ADITIA RAHMAN ', 'XII-IPS-4', NULL, NULL),
(404, 212210398, ' HARIZA ADIA PUTRI ', ' HARIZA ADIA PUTRI ', 'XII-IPS-4', NULL, NULL),
(405, 212210399, ' ILSAN MAHMUD ', ' ILSAN MAHMUD ', 'XII-IPS-4', NULL, NULL),
(406, 212210400, ' KHALID MUHAMMAD AZMI ', ' KHALID MUHAMMAD AZMI ', 'XII-IPS-4', NULL, NULL),
(407, 212210401, ' LINDA NABILA LESTARI ', ' LINDA NABILA LESTARI ', 'XII-IPS-4', NULL, NULL),
(408, 212210402, ' MAHESA KURNIA FEBRIANO ', ' MAHESA KURNIA FEBRIANO ', 'XII-IPS-4', NULL, NULL),
(409, 212210403, ' MOCH. GAHTAN JANUAR M. ', ' MOCH. GAHTAN JANUAR M. ', 'XII-IPS-4', NULL, NULL),
(410, 212210404, ' MOHAMMAD JEFRY MAULANA ', ' MOHAMMAD JEFRY MAULANA ', 'XII-IPS-4', NULL, NULL),
(411, 212210405, ' MUHAMAD ZAKI ALFATHIR ', ' MUHAMAD ZAKI ALFATHIR ', 'XII-IPS-4', NULL, NULL),
(412, 212210406, ' MUHAMMAD RIDHO RAFDILAH ', ' MUHAMMAD RIDHO RAFDILAH ', 'XII-IPS-4', NULL, NULL),
(413, 212210407, ' MUTIARA TRI LESTARI ', ' MUTIARA TRI LESTARI ', 'XII-IPS-4', NULL, NULL),
(414, 212210408, ' NABILA FEBRIYANTI ', ' NABILA FEBRIYANTI ', 'XII-IPS-4', NULL, NULL),
(415, 212210409, ' NAYLA NASTITI ', ' NAYLA NASTITI ', 'XII-IPS-4', NULL, NULL),
(416, 212210410, ' NAZWA AURELIA PUTRI ', ' NAZWA AURELIA PUTRI ', 'XII-IPS-4', NULL, NULL),
(417, 212210411, ' NOVRIZAL RACHMAN ', ' NOVRIZAL RACHMAN ', 'XII-IPS-4', NULL, NULL),
(418, 212210412, ' NUR ANZANI ', ' NUR ANZANI ', 'XII-IPS-4', NULL, NULL),
(419, 212210413, ' RAISYA ALIDIA PUTRI ', ' RAISYA ALIDIA PUTRI ', 'XII-IPS-4', NULL, NULL),
(420, 212210414, ' REFALDY FIRDAUS ', ' REFALDY FIRDAUS ', 'XII-IPS-4', NULL, NULL),
(421, 212210415, ' RIANTI MEILANI SYABILA ', ' RIANTI MEILANI SYABILA ', 'XII-IPS-4', NULL, NULL),
(422, 212210416, ' RITA DESTIANI ', ' RITA DESTIANI ', 'XII-IPS-4', NULL, NULL),
(423, 212210417, ' SAFRIL LUMBANTORUAN ', ' SAFRIL LUMBANTORUAN ', 'XII-IPS-4', NULL, NULL),
(424, 212210418, ' SATIYA EDI PAMUNGKAS ', ' SATIYA EDI PAMUNGKAS ', 'XII-IPS-4', NULL, NULL),
(425, 212210419, ' SELVI FEBRIANI ', ' SELVI FEBRIANI ', 'XII-IPS-4', NULL, NULL),
(426, 212210420, ' SITI LATIFAH ZAHRA ', ' SITI LATIFAH ZAHRA ', 'XII-IPS-4', NULL, NULL),
(427, 212210421, ' TETI HANIPAH ', ' TETI HANIPAH ', 'XII-IPS-4', NULL, NULL),
(428, 212210422, ' YUSRI RAHMA ILAHI ', ' YUSRI RAHMA ILAHI ', 'XII-IPS-4', NULL, NULL),
(429, 212210423, ' ZAHRA ANNISA SHOLIHAH ', ' ZAHRA ANNISA SHOLIHAH ', 'XII-IPS-4', NULL, NULL),
(430, 212210424, ' ZULFI MUHAMMAD FADILLAH ', ' ZULFI MUHAMMAD FADILLAH ', 'XII-IPS-4', NULL, NULL),
(431, 222310001, 'ADILLAH SULIS SETIAWATI', 'ADILLAH SULIS SETIAWATI', 'XI-BAHASA', NULL, NULL),
(432, 222310002, 'ALIPHA HERDIAN', 'ALIPHA HERDIAN', 'XI-BAHASA', NULL, NULL),
(433, 222310003, 'ANDINI DESTRIADIN', 'ANDINI DESTRIADIN', 'XI-BAHASA', NULL, NULL),
(434, 222310004, 'ATEP FATHUL ROHMAN', 'ATEP FATHUL ROHMAN', 'XI-BAHASA', NULL, NULL),
(435, 222310005, 'AZZAHRA DWI ZAHWA RAMADANI', 'AZZAHRA DWI ZAHWA RAMADANI', 'XI-BAHASA', NULL, NULL),
(436, 222310006, 'CYNDIA MAHARANI PUTRI', 'CYNDIA MAHARANI PUTRI', 'XI-BAHASA', NULL, NULL),
(437, 222310008, 'FADHILLAH RIZQI LESTARI', 'FADHILLAH RIZQI LESTARI', 'XI-BAHASA', NULL, NULL),
(438, 222310009, 'FANZY HERLAMBANG', 'FANZY HERLAMBANG', 'XI-BAHASA', NULL, NULL),
(439, 222310010, 'HALIDA PUTRI ZANATI', 'HALIDA PUTRI ZANATI', 'XI-BAHASA', NULL, NULL),
(440, 222310011, 'MUHAMMAD AZKA RAMADHAN', 'MUHAMMAD AZKA RAMADHAN', 'XI-BAHASA', NULL, NULL),
(441, 222310012, 'RADJA`AMATA JAYA KUSUMAH', 'RADJA`AMATA JAYA KUSUMAH', 'XI-BAHASA', NULL, NULL),
(442, 222310013, 'RAVY ILHAM MAULANA', 'RAVY ILHAM MAULANA', 'XI-BAHASA', NULL, NULL),
(443, 222310014, 'REVANA ASTRINA MAULINA', 'REVANA ASTRINA MAULINA', 'XI-BAHASA', NULL, NULL),
(444, 222310015, 'REVI AGUSTINA SRI RAHAYU', 'REVI AGUSTINA SRI RAHAYU', 'XI-BAHASA', NULL, NULL),
(445, 222310016, 'SEKARINDU SYAHRANI PASHA', 'SEKARINDU SYAHRANI PASHA', 'XI-BAHASA', NULL, NULL),
(446, 222310017, 'SHAKIRA SEVILA RASYA', 'SHAKIRA SEVILA RASYA', 'XI-BAHASA', NULL, NULL),
(447, 222310018, 'SITI HODIJAH', 'SITI HODIJAH', 'XI-BAHASA', NULL, NULL),
(448, 222310019, 'SYIFA ZAHRA AL FALAH', 'SYIFA ZAHRA AL FALAH', 'XI-BAHASA', NULL, NULL),
(449, 222310020, 'WAFA ALFADILAH', 'WAFA ALFADILAH', 'XI-BAHASA', NULL, NULL),
(450, 222310021, 'ZAKI ZUHAIR', 'ZAKI ZUHAIR', 'XI-BAHASA', NULL, NULL),
(451, 222310041, 'MOCHAMAD FATHY MURFHIE', 'MOCHAMAD FATHY MURFHIE', 'XI-MIPA-1', NULL, NULL),
(452, 222310042, 'MOH FADIL RASYID RIDHO', 'MOH FADIL RASYID RIDHO', 'XI-MIPA-1', NULL, NULL),
(453, 222310043, 'MOHAMMAD RENALDI PAMUNGKAS', 'MOHAMMAD RENALDI PAMUNGKAS', 'XI-MIPA-1', NULL, NULL),
(454, 222310044, 'MUHAMMAD FIKRI MAULANA', 'MUHAMMAD FIKRI MAULANA', 'XI-MIPA-1', NULL, NULL),
(455, 222310045, 'MUNIFAH NABILA', 'MUNIFAH NABILA', 'XI-MIPA-1', NULL, NULL),
(456, 222310046, 'NURUL ANNISA', 'NURUL ANNISA', 'XI-MIPA-1', NULL, NULL),
(457, 222310047, 'RAYYAA ZAKIYYAH AZHAAR', 'RAYYAA ZAKIYYAH AZHAAR', 'XI-MIPA-1', NULL, NULL),
(458, 222310048, 'REIHAN ADITIA PUTRA', 'REIHAN ADITIA PUTRA', 'XI-MIPA-1', NULL, NULL),
(459, 222310049, 'REMON PUTRA PRATAMA', 'REMON PUTRA PRATAMA', 'XI-MIPA-1', NULL, NULL),
(460, 222310050, 'RENDI WIRA DIJAYA', 'RENDI WIRA DIJAYA', 'XI-MIPA-1', NULL, NULL),
(461, 222310051, 'RIZKI MULIA', 'RIZKI MULIA', 'XI-MIPA-1', NULL, NULL),
(462, 222310052, 'SAAMII AA ISY HAZZA', 'SAAMII AA ISY HAZZA', 'XI-MIPA-1', NULL, NULL),
(463, 222310053, 'SALMA MUTIARA ZAHRANI', 'SALMA MUTIARA ZAHRANI', 'XI-MIPA-1', NULL, NULL),
(464, 222310054, 'SULVIA', 'SULVIA', 'XI-MIPA-1', NULL, NULL),
(465, 222310055, 'VANIA NURALFAENI TAOPIK', 'VANIA NURALFAENI TAOPIK', 'XI-MIPA-1', NULL, NULL),
(466, 222310056, 'YARI RIZQIA', 'YARI RIZQIA', 'XI-MIPA-1', NULL, NULL),
(467, 222310434, ' MAFTUH AMWAL MUHIDIN ', ' MAFTUH AMWAL MUHIDIN ', 'XI-MIPA-1', NULL, NULL),
(468, 222310437, 'RD. MUHAMMAD NUR PANJI FM', 'RD. MUHAMMAD NUR PANJI FM', 'XI-MIPA-1', NULL, NULL),
(469, 0, ' BILAL NAUFAL MAMDUH ', ' BILAL NAUFAL MAMDUH ', 'XI-MIPA-1', NULL, NULL),
(470, 222310057, 'AGNIA MUGHNI MAKIN DANI', 'AGNIA MUGHNI MAKIN DANI', 'XI-MIPA-2', NULL, NULL),
(471, 222310058, 'ALIFA FAYRUZ QOTRUNNISA', 'ALIFA FAYRUZ QOTRUNNISA', 'XI-MIPA-2', NULL, NULL),
(472, 222310059, 'ANDINI AULIA GUSTIN', 'ANDINI AULIA GUSTIN', 'XI-MIPA-2', NULL, NULL),
(473, 222310060, 'ASTRIA ZALFA ZAHIRAH SURYANI', 'ASTRIA ZALFA ZAHIRAH SURYANI', 'XI-MIPA-2', NULL, NULL),
(474, 222310061, 'AULIA FERISSA ATH THIRILLAH', 'AULIA FERISSA ATH THIRILLAH', 'XI-MIPA-2', NULL, NULL),
(475, 222310062, 'AULIA RESDIANA AZZAHRA', 'AULIA RESDIANA AZZAHRA', 'XI-MIPA-2', NULL, NULL),
(476, 222310063, 'AZMI NUGRAHA', 'AZMI NUGRAHA', 'XI-MIPA-2', NULL, NULL),
(477, 222310064, 'DAFFA DAMARA MUKARROM', 'DAFFA DAMARA MUKARROM', 'XI-MIPA-2', NULL, NULL),
(478, 222310065, 'DEWI ANGGRAENI', 'DEWI ANGGRAENI', 'XI-MIPA-2', NULL, NULL),
(479, 222310066, 'DIKA RIZKA SABILA', 'DIKA RIZKA SABILA', 'XI-MIPA-2', NULL, NULL),
(480, 222310067, 'FITRI MAULIZA', 'FITRI MAULIZA', 'XI-MIPA-2', NULL, NULL),
(481, 222310068, 'HABIL ALI ASYIHAB', 'HABIL ALI ASYIHAB', 'XI-MIPA-2', NULL, NULL),
(482, 222310069, 'HAIKAL HAERUL ANWAR', 'HAIKAL HAERUL ANWAR', 'XI-MIPA-2', NULL, NULL),
(483, 222310070, 'HILAL FADILLAH ARDIWIJAYA', 'HILAL FADILLAH ARDIWIJAYA', 'XI-MIPA-2', NULL, NULL),
(484, 222310071, 'IFRA SHILLAN MUZHAFFIRAH', 'IFRA SHILLAN MUZHAFFIRAH', 'XI-MIPA-2', NULL, NULL),
(485, 222310072, 'IMELDA NATHANIELA', 'IMELDA NATHANIELA', 'XI-MIPA-2', NULL, NULL),
(486, 222310073, 'KAYLA SITI ALIFAHASNA', 'KAYLA SITI ALIFAHASNA', 'XI-MIPA-2', NULL, NULL),
(487, 222310074, 'LUTFIE DWI RUSTANDI', 'LUTFIE DWI RUSTANDI', 'XI-MIPA-2', NULL, NULL),
(488, 222310075, 'MOCHAMAD RIDWAN EFFENDI', 'MOCHAMAD RIDWAN EFFENDI', 'XI-MIPA-2', NULL, NULL),
(489, 222310076, 'MOHAMMAD ABIYYU HANIF GARIN', 'MOHAMMAD ABIYYU HANIF GARIN', 'XI-MIPA-2', NULL, NULL),
(490, 222310077, 'MUHAMAD FARHAN', 'MUHAMAD FARHAN', 'XI-MIPA-2', NULL, NULL),
(491, 222310078, 'MUHAMAD WILDAN', 'MUHAMAD WILDAN', 'XI-MIPA-2', NULL, NULL),
(492, 222310079, 'MUHAMMAD AFDAL', 'MUHAMMAD AFDAL', 'XI-MIPA-2', NULL, NULL),
(493, 222310080, 'MUHAMMAD LEFHI', 'MUHAMMAD LEFHI', 'XI-MIPA-2', NULL, NULL),
(494, 222310081, 'NABILA PUTRIANI AZ- ZAHRA', 'NABILA PUTRIANI AZ- ZAHRA', 'XI-MIPA-2', NULL, NULL),
(495, 222310082, 'NASYA PRIZY NOVELIN', 'NASYA PRIZY NOVELIN', 'XI-MIPA-2', NULL, NULL),
(496, 222310083, 'NATHAN VERRELL SURYADI', 'NATHAN VERRELL SURYADI', 'XI-MIPA-2', NULL, NULL),
(497, 222310084, 'NAUTICA AULIA PUTRI', 'NAUTICA AULIA PUTRI', 'XI-MIPA-2', NULL, NULL),
(498, 222310085, 'RAINKHIEN KINANTHI CLARINT', 'RAINKHIEN KINANTHI CLARINT', 'XI-MIPA-2', NULL, NULL),
(499, 222310086, 'RATU ALYA YUNI SYAHRAN', 'RATU ALYA YUNI SYAHRAN', 'XI-MIPA-2', NULL, NULL),
(500, 222310087, 'REFA ANANTA', 'REFA ANANTA', 'XI-MIPA-2', NULL, NULL),
(501, 222310088, 'REISYA PUTRI SALSABILLA', 'REISYA PUTRI SALSABILLA', 'XI-MIPA-2', NULL, NULL),
(502, 222310089, 'REYHAN SYAHID PRATAMA', 'REYHAN SYAHID PRATAMA', 'XI-MIPA-2', NULL, NULL),
(503, 222310090, 'SILMI MARYAM', 'SILMI MARYAM', 'XI-MIPA-2', NULL, NULL),
(504, 222310091, 'SILPIA', 'SILPIA', 'XI-MIPA-2', NULL, NULL),
(505, 222310092, 'ZAHRA NUR AZIZAH', 'ZAHRA NUR AZIZAH', 'XI-MIPA-2', NULL, NULL),
(506, 222310093, 'ZIDAN FABIO', 'ZIDAN FABIO', 'XI-MIPA-2', NULL, NULL),
(507, 222310435, 'LUQMAN NUR HAKIM', 'LUQMAN NUR HAKIM', 'XI-MIPA-2', NULL, NULL),
(508, 222310094, 'ADIA RAHMA SAKINA', 'ADIA RAHMA SAKINA', 'XI-MIPA-3', NULL, NULL),
(509, 222310095, 'AI ROHMAWATI', 'AI ROHMAWATI', 'XI-MIPA-3', NULL, NULL),
(510, 222310096, 'ALIPHA SHOPA MERLIANI', 'ALIPHA SHOPA MERLIANI', 'XI-MIPA-3', NULL, NULL),
(511, 222310097, 'ALVI ANUGRAH', 'ALVI ANUGRAH', 'XI-MIPA-3', NULL, NULL),
(512, 222310098, 'AVIAH VUSVITA SARI', 'AVIAH VUSVITA SARI', 'XI-MIPA-3', NULL, NULL),
(513, 222310099, 'CANTIKA PUJI DWI KEMALA', 'CANTIKA PUJI DWI KEMALA', 'XI-MIPA-3', NULL, NULL),
(514, 222310100, 'DARA DELPIANI', 'DARA DELPIANI', 'XI-MIPA-3', NULL, NULL),
(515, 222310101, 'DELVA INTANIA', 'DELVA INTANIA', 'XI-MIPA-3', NULL, NULL),
(516, 222310102, 'DIVA PARISKA', 'DIVA PARISKA', 'XI-MIPA-3', NULL, NULL),
(517, 222310103, 'FARREL MUHAMMAD PASYA', 'FARREL MUHAMMAD PASYA', 'XI-MIPA-3', NULL, NULL),
(518, 222310104, 'FARREL SATYA', 'FARREL SATYA', 'XI-MIPA-3', NULL, NULL),
(519, 222310105, 'FITRI NURAULIA', 'FITRI NURAULIA', 'XI-MIPA-3', NULL, NULL),
(520, 222310106, 'GHAITSYA TSAMARAH ZALFA S', 'GHAITSYA TSAMARAH ZALFA S', 'XI-MIPA-3', NULL, NULL),
(521, 222310107, 'HAFIZH NURHANIF AUFA', 'HAFIZH NURHANIF AUFA', 'XI-MIPA-3', NULL, NULL),
(522, 222310108, 'IBNU MUHAMMAD UZAIR', 'IBNU MUHAMMAD UZAIR', 'XI-MIPA-3', NULL, NULL),
(523, 222310109, 'IMELDA AGUSTINA YULIA WANDA', 'IMELDA AGUSTINA YULIA WANDA', 'XI-MIPA-3', NULL, NULL),
(524, 222310110, 'KAILA AZORA ANANDITA', 'KAILA AZORA ANANDITA', 'XI-MIPA-3', NULL, NULL),
(525, 222310111, 'KERENT ALTAMIRA', 'KERENT ALTAMIRA', 'XI-MIPA-3', NULL, NULL),
(526, 222310112, 'M. FAHMI ABDUL GANI', 'M. FAHMI ABDUL GANI', 'XI-MIPA-3', NULL, NULL),
(527, 222310113, 'MARINA', 'MARINA', 'XI-MIPA-3', NULL, NULL),
(528, 222310114, 'MOCH RAFAEL BENITEZ', 'MOCH RAFAEL BENITEZ', 'XI-MIPA-3', NULL, NULL),
(529, 222310115, 'MUH FATHIR NABILYASSAR', 'MUH FATHIR NABILYASSAR', 'XI-MIPA-3', NULL, NULL),
(530, 222310116, 'MUHAMMAD ARZAQI RISANDI', 'MUHAMMAD ARZAQI RISANDI', 'XI-MIPA-3', NULL, NULL),
(531, 222310117, 'NABILA SALSABILA', 'NABILA SALSABILA', 'XI-MIPA-3', NULL, NULL),
(532, 222310118, 'NAUFAL KHOLISH ARIFIANDI', 'NAUFAL KHOLISH ARIFIANDI', 'XI-MIPA-3', NULL, NULL),
(533, 222310119, 'NAZMA AULIA RIZQI RABBANI', 'NAZMA AULIA RIZQI RABBANI', 'XI-MIPA-3', NULL, NULL),
(534, 222310120, 'ORYZA SATYVA', 'ORYZA SATYVA', 'XI-MIPA-3', NULL, NULL),
(535, 222310121, 'RAISYA KAMILA RIANTI', 'RAISYA KAMILA RIANTI', 'XI-MIPA-3', NULL, NULL),
(536, 222310122, 'RAKA FEBRIAN RUSWANDI', 'RAKA FEBRIAN RUSWANDI', 'XI-MIPA-3', NULL, NULL),
(537, 222310123, 'RENTI FITRI FATIMAH', 'RENTI FITRI FATIMAH', 'XI-MIPA-3', NULL, NULL),
(538, 222310124, 'RIDHO ADIANTO', 'RIDHO ADIANTO', 'XI-MIPA-3', NULL, NULL),
(539, 222310125, 'RIZKY ACHMAD ISMAIL', 'RIZKY ACHMAD ISMAIL', 'XI-MIPA-3', NULL, NULL),
(540, 222310126, 'SALWA AULIA', 'SALWA AULIA', 'XI-MIPA-3', NULL, NULL),
(541, 222310127, 'SILVI AULIA ANANDA PUTRI', 'SILVI AULIA ANANDA PUTRI', 'XI-MIPA-3', NULL, NULL),
(542, 222310128, 'TASYA AULIA', 'TASYA AULIA', 'XI-MIPA-3', NULL, NULL),
(543, 222310129, 'VIRZA SITI JULIYANTI', 'VIRZA SITI JULIYANTI', 'XI-MIPA-3', NULL, NULL),
(544, 222310130, 'YAFI HELMI WAHYUDIN', 'YAFI HELMI WAHYUDIN', 'XI-MIPA-3', NULL, NULL),
(545, 222310131, 'ALI JUNDI HABIBIE', 'ALI JUNDI HABIBIE', 'XI-MIPA-4', NULL, NULL),
(546, 222310132, 'ALIVIA NURUL FATONAH', 'ALIVIA NURUL FATONAH', 'XI-MIPA-4', NULL, NULL),
(547, 222310133, 'ANDI MUHAMMAD FARREL PRATAMA', 'ANDI MUHAMMAD FARREL PRATAMA', 'XI-MIPA-4', NULL, NULL),
(548, 222310134, 'ANNISA FITRI MAULINA', 'ANNISA FITRI MAULINA', 'XI-MIPA-4', NULL, NULL),
(549, 222310135, 'AYUNI NURBA SASMITA', 'AYUNI NURBA SASMITA', 'XI-MIPA-4', NULL, NULL),
(550, 222310136, 'BAYU FEBRIAN', 'BAYU FEBRIAN', 'XI-MIPA-4', NULL, NULL),
(551, 222310137, 'DAUD SAKHIE CHANDRA', 'DAUD SAKHIE CHANDRA', 'XI-MIPA-4', NULL, NULL),
(552, 222310138, 'DESI LESTARI', 'DESI LESTARI', 'XI-MIPA-4', NULL, NULL),
(553, 222310139, 'DEWI UTARI AINUN SUJANA', 'DEWI UTARI AINUN SUJANA', 'XI-MIPA-4', NULL, NULL),
(554, 222310140, 'ELISMA RIZKINA', 'ELISMA RIZKINA', 'XI-MIPA-4', NULL, NULL),
(555, 222310141, 'FITRIA OKTAVIANI AZZAHRA', 'FITRIA OKTAVIANI AZZAHRA', 'XI-MIPA-4', NULL, NULL),
(556, 222310142, 'GEMMA RIFERA AZIZAH', 'GEMMA RIFERA AZIZAH', 'XI-MIPA-4', NULL, NULL);
INSERT INTO `siswa` (`id`, `nis`, `nama`, `slug`, `kelas`, `created_at`, `updated_at`) VALUES
(557, 222310143, 'GIGIH TRI ARYO PAMUNGKAS', 'GIGIH TRI ARYO PAMUNGKAS', 'XI-MIPA-4', NULL, NULL),
(558, 222310144, 'HASYA PERWIRA YUNIARTO', 'HASYA PERWIRA YUNIARTO', 'XI-MIPA-4', NULL, NULL),
(559, 222310145, 'ILA YULIANA', 'ILA YULIANA', 'XI-MIPA-4', NULL, NULL),
(560, 222310146, 'MARINI', 'MARINI', 'XI-MIPA-4', NULL, NULL),
(561, 222310147, 'MOCH RAFKA HILMAN PUTRA', 'MOCH RAFKA HILMAN PUTRA', 'XI-MIPA-4', NULL, NULL),
(562, 222310148, 'MUHAMAD HELMI NAZMI HAUZAN', 'MUHAMAD HELMI NAZMI HAUZAN', 'XI-MIPA-4', NULL, NULL),
(563, 222310149, 'MUHAMMAD CHANDRAWINATA', 'MUHAMMAD CHANDRAWINATA', 'XI-MIPA-4', NULL, NULL),
(564, 222310150, 'MUHAMMAD NAZLAN RAMADHANI', 'MUHAMMAD NAZLAN RAMADHANI', 'XI-MIPA-4', NULL, NULL),
(565, 222310151, 'MUHAMMAD SACKY HAIKAL BAHTIAR', 'MUHAMMAD SACKY HAIKAL BAHTIAR', 'XI-MIPA-4', NULL, NULL),
(566, 222310152, 'NABILA NUR ASSYIPA', 'NABILA NUR ASSYIPA', 'XI-MIPA-4', NULL, NULL),
(567, 222310153, 'NADIEN AMANDA RAMDHANI', 'NADIEN AMANDA RAMDHANI', 'XI-MIPA-4', NULL, NULL),
(568, 222310154, 'NAZRIEL FAZRIN AZHARI', 'NAZRIEL FAZRIN AZHARI', 'XI-MIPA-4', NULL, NULL),
(569, 222310155, 'NAZWA AZIZAH', 'NAZWA AZIZAH', 'XI-MIPA-4', NULL, NULL),
(570, 222310156, 'PUTRI AULIA RAMADHANI', 'PUTRI AULIA RAMADHANI', 'XI-MIPA-4', NULL, NULL),
(571, 222310157, 'PUTRI NURAZIZAH ROHMAT', 'PUTRI NURAZIZAH ROHMAT', 'XI-MIPA-4', NULL, NULL),
(572, 222310158, 'RAIHANA DEWI SITI AISYAH', 'RAIHANA DEWI SITI AISYAH', 'XI-MIPA-4', NULL, NULL),
(573, 222310159, 'RAMEYZA SITI ALIFA', 'RAMEYZA SITI ALIFA', 'XI-MIPA-4', NULL, NULL),
(574, 222310160, 'RESSA APRIANTI', 'RESSA APRIANTI', 'XI-MIPA-4', NULL, NULL),
(575, 222310161, 'RIDHO AKBAR TRIOSA', 'RIDHO AKBAR TRIOSA', 'XI-MIPA-4', NULL, NULL),
(576, 222310162, 'RIZAL ATALLAH ZAFIER', 'RIZAL ATALLAH ZAFIER', 'XI-MIPA-4', NULL, NULL),
(577, 222310163, 'SABIT GHAISAN AYYASY', 'SABIT GHAISAN AYYASY', 'XI-MIPA-4', NULL, NULL),
(578, 222310164, 'SARAH FADILAH RAHMANI', 'SARAH FADILAH RAHMANI', 'XI-MIPA-4', NULL, NULL),
(579, 222310165, 'SILVIA NURAZIZAH', 'SILVIA NURAZIZAH', 'XI-MIPA-4', NULL, NULL),
(580, 222310166, 'WINA ZULIYANTI', 'WINA ZULIYANTI', 'XI-MIPA-4', NULL, NULL),
(581, 222310167, 'ZAZKIA ZAHRA FAHIRA', 'ZAZKIA ZAHRA FAHIRA', 'XI-MIPA-4', NULL, NULL),
(582, 222310168, 'ADYA AZZAHRA NURSYEHA', 'ADYA AZZAHRA NURSYEHA', 'XI-MIPA-5', NULL, NULL),
(583, 222310169, 'ALDO TRI APRIYANTO', 'ALDO TRI APRIYANTO', 'XI-MIPA-5', NULL, NULL),
(584, 222310170, 'ANNISA HUMAIRA PUTRI', 'ANNISA HUMAIRA PUTRI', 'XI-MIPA-5', NULL, NULL),
(585, 222310171, 'AZKA RATU AURELIA', 'AZKA RATU AURELIA', 'XI-MIPA-5', NULL, NULL),
(586, 222310172, 'BILAL AHMAD FADIL', 'BILAL AHMAD FADIL', 'XI-MIPA-5', NULL, NULL),
(587, 222310173, 'CHELSEA TRISSA AMALIA', 'CHELSEA TRISSA AMALIA', 'XI-MIPA-5', NULL, NULL),
(588, 222310174, 'DAUD SYADADNA MULKI', 'DAUD SYADADNA MULKI', 'XI-MIPA-5', NULL, NULL),
(589, 222310175, 'DHEAFRISKA PURWANTI BUDI PERTIWI', 'DHEAFRISKA PURWANTI BUDI PERTIWI', 'XI-MIPA-5', NULL, NULL),
(590, 222310176, 'FAIRUZ QURR`ATAL AIN', 'FAIRUZ QURR`ATAL AIN', 'XI-MIPA-5', NULL, NULL),
(591, 222310177, 'FAREL AIDIL SAPUTRA', 'FAREL AIDIL SAPUTRA', 'XI-MIPA-5', NULL, NULL),
(592, 222310178, 'FATIMAH AZ ZAHRA SOBIRIN', 'FATIMAH AZ ZAHRA SOBIRIN', 'XI-MIPA-5', NULL, NULL),
(593, 222310179, 'FAUZAN AL AFGANI NURAHMAN', 'FAUZAN AL AFGANI NURAHMAN', 'XI-MIPA-5', NULL, NULL),
(594, 222310180, 'FRIESHA PUTRI RISTANDI', 'FRIESHA PUTRI RISTANDI', 'XI-MIPA-5', NULL, NULL),
(595, 222310181, 'INDRA AHMED FIRDAUS', 'INDRA AHMED FIRDAUS', 'XI-MIPA-5', NULL, NULL),
(596, 222310182, 'IRAI MAHAWARNI', 'IRAI MAHAWARNI', 'XI-MIPA-5', NULL, NULL),
(597, 222310183, 'JIHAN AGISTIANI', 'JIHAN AGISTIANI', 'XI-MIPA-5', NULL, NULL),
(598, 222310184, 'KERINE AULIA', 'KERINE AULIA', 'XI-MIPA-5', NULL, NULL),
(599, 222310185, 'KEYSA AINUN NABILA', 'KEYSA AINUN NABILA', 'XI-MIPA-5', NULL, NULL),
(600, 222310186, 'MOCHAMAD AL FATTAHUL ROJAK', 'MOCHAMAD AL FATTAHUL ROJAK', 'XI-MIPA-5', NULL, NULL),
(601, 222310187, 'MOCHAMAD FATHIR RAMADHAN HIDAYAT', 'MOCHAMAD FATHIR RAMADHAN HIDAYAT', 'XI-MIPA-5', NULL, NULL),
(602, 222310188, 'MUHAMAD NATSIR ARGA SAPUTRA', 'MUHAMAD NATSIR ARGA SAPUTRA', 'XI-MIPA-5', NULL, NULL),
(603, 222310189, 'MUHAMAD REZA ZAENAL MUSTOPA', 'MUHAMAD REZA ZAENAL MUSTOPA', 'XI-MIPA-5', NULL, NULL),
(604, 222310190, 'MUHAMMAD ERFAN ZULFA', 'MUHAMMAD ERFAN ZULFA', 'XI-MIPA-5', NULL, NULL),
(605, 222310191, 'MUHAMMAD RIPAI', 'MUHAMMAD RIPAI', 'XI-MIPA-5', NULL, NULL),
(606, 222310192, 'MUHAMMAD YAZDAANIAR USTMAN', 'MUHAMMAD YAZDAANIAR USTMAN', 'XI-MIPA-5', NULL, NULL),
(607, 222310193, 'NADIA NURUL FATHIYAH', 'NADIA NURUL FATHIYAH', 'XI-MIPA-5', NULL, NULL),
(608, 222310194, 'NENG FANI NUR RESTYANI', 'NENG FANI NUR RESTYANI', 'XI-MIPA-5', NULL, NULL),
(609, 222310195, 'NUR AZKIAH', 'NUR AZKIAH', 'XI-MIPA-5', NULL, NULL),
(610, 222310196, 'REVA SABRINA', 'REVA SABRINA', 'XI-MIPA-5', NULL, NULL),
(611, 222310197, 'RIDHO ZULFIKAR', 'RIDHO ZULFIKAR', 'XI-MIPA-5', NULL, NULL),
(612, 222310198, 'RIMA RAHMAWATI', 'RIMA RAHMAWATI', 'XI-MIPA-5', NULL, NULL),
(613, 222310199, 'SHEVA ANDRIYA RAMADHAN', 'SHEVA ANDRIYA RAMADHAN', 'XI-MIPA-5', NULL, NULL),
(614, 222310200, 'TEGAR SAUMA RAMDAN KURNIA', 'TEGAR SAUMA RAMDAN KURNIA', 'XI-MIPA-5', NULL, NULL),
(615, 222310201, 'TIARA PUJI LESTARI', 'TIARA PUJI LESTARI', 'XI-MIPA-5', NULL, NULL),
(616, 222310202, 'TRIANA ARFANI SUCIATI', 'TRIANA ARFANI SUCIATI', 'XI-MIPA-5', NULL, NULL),
(617, 222310203, 'ZAHRA SHAFIRA RAMADHANI', 'ZAHRA SHAFIRA RAMADHANI', 'XI-MIPA-5', NULL, NULL),
(618, 222310438, 'PRAJA TARUNA DIRGANTARA', 'PRAJA TARUNA DIRGANTARA', 'XI-MIPA-5', NULL, NULL),
(619, 222310204, 'ADINDA SYAUQI SEPTRIASA', 'ADINDA SYAUQI SEPTRIASA', 'XI-MIPA-6', NULL, NULL),
(620, 222310205, 'AGNIA KEISYA MARYAMA', 'AGNIA KEISYA MARYAMA', 'XI-MIPA-6', NULL, NULL),
(621, 222310206, 'ALWA RIDWAN MALIK', 'ALWA RIDWAN MALIK', 'XI-MIPA-6', NULL, NULL),
(622, 222310207, 'AMANDA SITI MARYAM', 'AMANDA SITI MARYAM', 'XI-MIPA-6', NULL, NULL),
(623, 222310208, 'ASRI NOVIANTI', 'ASRI NOVIANTI', 'XI-MIPA-6', NULL, NULL),
(624, 222310209, 'AZHAR ASLAM ARHABURRIZQI', 'AZHAR ASLAM ARHABURRIZQI', 'XI-MIPA-6', NULL, NULL),
(625, 222310210, 'AZRIALUNA MARTASYA IRFAN', 'AZRIALUNA MARTASYA IRFAN', 'XI-MIPA-6', NULL, NULL),
(626, 222310211, 'CLARISA RISMAYANTI', 'CLARISA RISMAYANTI', 'XI-MIPA-6', NULL, NULL),
(627, 222310212, 'DAFA` FAUZI IKHSAN KURNIAWAN', 'DAFA` FAUZI IKHSAN KURNIAWAN', 'XI-MIPA-6', NULL, NULL),
(628, 222310213, 'DILA NURPADILLAH', 'DILA NURPADILLAH', 'XI-MIPA-6', NULL, NULL),
(629, 222310214, 'DITYA MOCHAMAD FASHA RAMDHAN', 'DITYA MOCHAMAD FASHA RAMDHAN', 'XI-MIPA-6', NULL, NULL),
(630, 222310215, 'FARIS MUBARAK AHMAD FIRMANSYAH', 'FARIS MUBARAK AHMAD FIRMANSYAH', 'XI-MIPA-6', NULL, NULL),
(631, 222310216, 'FATWA AULIA NISA', 'FATWA AULIA NISA', 'XI-MIPA-6', NULL, NULL),
(632, 222310217, 'FAUZAN RASYID AMINULLOH', 'FAUZAN RASYID AMINULLOH', 'XI-MIPA-6', NULL, NULL),
(633, 222310218, 'HAFSAH NUR AZIZAH', 'HAFSAH NUR AZIZAH', 'XI-MIPA-6', NULL, NULL),
(634, 222310219, 'INA DINA RAHMIYANTI', 'INA DINA RAHMIYANTI', 'XI-MIPA-6', NULL, NULL),
(635, 222310220, 'IQBAL SURYA RAYADI', 'IQBAL SURYA RAYADI', 'XI-MIPA-6', NULL, NULL),
(636, 222310221, 'MEIRA RISA ARYANI', 'MEIRA RISA ARYANI', 'XI-MIPA-6', NULL, NULL),
(637, 222310222, 'MOCHAMMAD GILANG RAMADHAN', 'MOCHAMMAD GILANG RAMADHAN', 'XI-MIPA-6', NULL, NULL),
(638, 222310223, 'MUHAMAD FARDAN JUNIANSYAH', 'MUHAMAD FARDAN JUNIANSYAH', 'XI-MIPA-6', NULL, NULL),
(639, 222310224, 'MUHAMAD NAZWAN AL-LAMI', 'MUHAMAD NAZWAN AL-LAMI', 'XI-MIPA-6', NULL, NULL),
(640, 222310225, 'MUHAMMAD FAISHAL GHAZWAN SOEHERMAN', 'MUHAMMAD FAISHAL GHAZWAN SOEHERMAN', 'XI-MIPA-6', NULL, NULL),
(641, 222310226, 'MUHAMMAD YUSAR AL WAFI', 'MUHAMMAD YUSAR AL WAFI', 'XI-MIPA-6', NULL, NULL),
(642, 222310227, 'NIDA HUWAIDA MUTHMAINNAH', 'NIDA HUWAIDA MUTHMAINNAH', 'XI-MIPA-6', NULL, NULL),
(643, 222310228, 'NOUVAL MUHAMMAD GINAYA', 'NOUVAL MUHAMMAD GINAYA', 'XI-MIPA-6', NULL, NULL),
(644, 222310229, 'RASSEL AMALIA', 'RASSEL AMALIA', 'XI-MIPA-6', NULL, NULL),
(645, 222310230, 'REIFAN RAHMAT FAUZI', 'REIFAN RAHMAT FAUZI', 'XI-MIPA-6', NULL, NULL),
(646, 222310231, 'RIFDAN RAYA AGUNG ALGHIFARI', 'RIFDAN RAYA AGUNG ALGHIFARI', 'XI-MIPA-6', NULL, NULL),
(647, 222310232, 'RIFVEE ALDENIA ARRIYADI', 'RIFVEE ALDENIA ARRIYADI', 'XI-MIPA-6', NULL, NULL),
(648, 222310233, 'SHALWA TRIANA', 'SHALWA TRIANA', 'XI-MIPA-6', NULL, NULL),
(649, 222310234, 'SITI JIHAN FAUJIAH', 'SITI JIHAN FAUJIAH', 'XI-MIPA-6', NULL, NULL),
(650, 222310235, 'TIBYAN AMIDAN', 'TIBYAN AMIDAN', 'XI-MIPA-6', NULL, NULL),
(651, 222310236, 'TRISA NUR FAUZIAH', 'TRISA NUR FAUZIAH', 'XI-MIPA-6', NULL, NULL),
(652, 222310237, 'WAFA RIDHO ALFARIZI', 'WAFA RIDHO ALFARIZI', 'XI-MIPA-6', NULL, NULL),
(653, 0, 'CAHYA MUHAMMAD WAJHAN', 'CAHYA MUHAMMAD WAJHAN', 'XI-MIPA-6', NULL, NULL),
(654, 222310238, 'ALESANDRA ZANIA LABELLA PUTRI', 'ALESANDRA ZANIA LABELLA PUTRI', 'XI-MIPA-7', NULL, NULL),
(655, 222310239, 'ALIFIA MEYLA KUSMAYANTI', 'ALIFIA MEYLA KUSMAYANTI', 'XI-MIPA-7', NULL, NULL),
(656, 222310240, 'AMELIA RIZKIA PUTRI', 'AMELIA RIZKIA PUTRI', 'XI-MIPA-7', NULL, NULL),
(657, 222310241, 'ATHAYA FIRJATULLAH DIPANAGARANIYADI', 'ATHAYA FIRJATULLAH DIPANAGARANIYADI', 'XI-MIPA-7', NULL, NULL),
(658, 222310242, 'AUDRY APRILIA PUTRI', 'AUDRY APRILIA PUTRI', 'XI-MIPA-7', NULL, NULL),
(659, 222310243, 'BALKHI RAZZAS QASVINI', 'BALKHI RAZZAS QASVINI', 'XI-MIPA-7', NULL, NULL),
(660, 222310244, 'CINDY CLAUDIA ANNABILA', 'CINDY CLAUDIA ANNABILA', 'XI-MIPA-7', NULL, NULL),
(661, 222310245, 'DAFFA AHMAD NUGRAHA', 'DAFFA AHMAD NUGRAHA', 'XI-MIPA-7', NULL, NULL),
(662, 222310246, 'DELIA AGUSTIN H', 'DELIA AGUSTIN H', 'XI-MIPA-7', NULL, NULL),
(663, 222310247, 'DIANDRA ARSYANATA PUTRA MULYAWAN', 'DIANDRA ARSYANATA PUTRA MULYAWAN', 'XI-MIPA-7', NULL, NULL),
(664, 222310248, 'FADHEL AL RAFFA', 'FADHEL AL RAFFA', 'XI-MIPA-7', NULL, NULL),
(665, 222310249, 'FARHAN AMMAR ASSYAWALI SANTOSA', 'FARHAN AMMAR ASSYAWALI SANTOSA', 'XI-MIPA-7', NULL, NULL),
(666, 222310250, 'FEBRIAN ARDIANSYAH', 'FEBRIAN ARDIANSYAH', 'XI-MIPA-7', NULL, NULL),
(667, 222310251, 'GENDIS RAYNA DIFA', 'GENDIS RAYNA DIFA', 'XI-MIPA-7', NULL, NULL),
(668, 222310252, 'HERLITA PUTRI UTAMI', 'HERLITA PUTRI UTAMI', 'XI-MIPA-7', NULL, NULL),
(669, 222310253, 'JELITA FRIZYLLIA ADRIENI', 'JELITA FRIZYLLIA ADRIENI', 'XI-MIPA-7', NULL, NULL),
(670, 222310254, 'MEYLIZA ROSMALIA PUTRI', 'MEYLIZA ROSMALIA PUTRI', 'XI-MIPA-7', NULL, NULL),
(671, 222310255, 'MOCHAMAD GHIFAR JANKY DAUSAT', 'MOCHAMAD GHIFAR JANKY DAUSAT', 'XI-MIPA-7', NULL, NULL),
(672, 222310256, 'MOCHAMMAD MIFTAH FAUZI', 'MOCHAMMAD MIFTAH FAUZI', 'XI-MIPA-7', NULL, NULL),
(673, 222310257, 'MUHAMAD RAFI SOPIAN', 'MUHAMAD RAFI SOPIAN', 'XI-MIPA-7', NULL, NULL),
(674, 222310258, 'MUHAMMAD FARRAS NAJWAN NUGRAHA', 'MUHAMMAD FARRAS NAJWAN NUGRAHA', 'XI-MIPA-7', NULL, NULL),
(675, 222310259, 'MUHAMMAD ZAKI AL FARIZZI', 'MUHAMMAD ZAKI AL FARIZZI', 'XI-MIPA-7', NULL, NULL),
(676, 222310260, 'MUTIARA NURDINI', 'MUTIARA NURDINI', 'XI-MIPA-7', NULL, NULL),
(677, 222310261, 'NADIN VERONIKA', 'NADIN VERONIKA', 'XI-MIPA-7', NULL, NULL),
(678, 222310262, 'NADYA SALSABILA', 'NADYA SALSABILA', 'XI-MIPA-7', NULL, NULL),
(679, 222310263, 'NOVI HANA SAFITRI', 'NOVI HANA SAFITRI', 'XI-MIPA-7', NULL, NULL),
(680, 222310264, 'PUTRA UTAMA RUKMANA', 'PUTRA UTAMA RUKMANA', 'XI-MIPA-7', NULL, NULL),
(681, 222310265, 'RAHMA AULIYA RAMADANI', 'RAHMA AULIYA RAMADANI', 'XI-MIPA-7', NULL, NULL),
(682, 222310266, 'RAHMA KHOERUNISA', 'RAHMA KHOERUNISA', 'XI-MIPA-7', NULL, NULL),
(683, 222310267, 'RATU MUSTIKA BESIE', 'RATU MUSTIKA BESIE', 'XI-MIPA-7', NULL, NULL),
(684, 222310268, 'RIKSAN RIYADI FAUZAN', 'RIKSAN RIYADI FAUZAN', 'XI-MIPA-7', NULL, NULL),
(685, 222310269, 'ROZANALIYA SALIMA HIDAYAT', 'ROZANALIYA SALIMA HIDAYAT', 'XI-MIPA-7', NULL, NULL),
(686, 222310270, 'SHARLA SITI HAZHIYAH RIDWANTI', 'SHARLA SITI HAZHIYAH RIDWANTI', 'XI-MIPA-7', NULL, NULL),
(687, 222310271, 'SYIFFA FRIESELA', 'SYIFFA FRIESELA', 'XI-MIPA-7', NULL, NULL),
(688, 222310272, 'TRIYA ANDHIKA', 'TRIYA ANDHIKA', 'XI-MIPA-7', NULL, NULL),
(689, 222310273, 'ZALFA NAJLA AGHNI FATINAH', 'ZALFA NAJLA AGHNI FATINAH', 'XI-MIPA-7', NULL, NULL),
(690, 222310274, 'AGNIA RAMADHANI', 'AGNIA RAMADHANI', 'XI-IPS-1', NULL, NULL),
(691, 222310275, 'AGUS SUBAGJA', 'AGUS SUBAGJA', 'XI-IPS-1', NULL, NULL),
(692, 222310276, 'ALPIN ILHAM RAMADAN', 'ALPIN ILHAM RAMADAN', 'XI-IPS-1', NULL, NULL),
(693, 222310277, 'ANGGI HAKIKI', 'ANGGI HAKIKI', 'XI-IPS-1', NULL, NULL),
(694, 222310278, 'APRILIA SABILA PUTRI', 'APRILIA SABILA PUTRI', 'XI-IPS-1', NULL, NULL),
(695, 222310279, 'ASTRI SOPIANTI', 'ASTRI SOPIANTI', 'XI-IPS-1', NULL, NULL),
(696, 222310280, 'AULIA MUFIIDAH', 'AULIA MUFIIDAH', 'XI-IPS-1', NULL, NULL),
(697, 222310281, 'BINAR AYU INTANI MAULUDIN', 'BINAR AYU INTANI MAULUDIN', 'XI-IPS-1', NULL, NULL),
(698, 222310282, 'DANIAH', 'DANIAH', 'XI-IPS-1', NULL, NULL),
(699, 222310283, 'DEDEN AMIZAR AHMAD', 'DEDEN AMIZAR AHMAD', 'XI-IPS-1', NULL, NULL),
(700, 222310284, 'DEWI DERMAWANTI', 'DEWI DERMAWANTI', 'XI-IPS-1', NULL, NULL),
(701, 222310285, 'DINO HIDAYAT', 'DINO HIDAYAT', 'XI-IPS-1', NULL, NULL),
(702, 222310286, 'ELISA HANDAYANI', 'ELISA HANDAYANI', 'XI-IPS-1', NULL, NULL),
(703, 222310287, 'INDI HARDIANTI', 'INDI HARDIANTI', 'XI-IPS-1', NULL, NULL),
(704, 222310288, 'IRFAN RAHMAT', 'IRFAN RAHMAT', 'XI-IPS-1', NULL, NULL),
(705, 222310289, 'LUKMAN NULHAKIM SAPUTRA', 'LUKMAN NULHAKIM SAPUTRA', 'XI-IPS-1', NULL, NULL),
(706, 222310290, 'MAULANA RAMADHAN', 'MAULANA RAMADHAN', 'XI-IPS-1', NULL, NULL),
(707, 222310291, 'MOCH FAUZAN DIENZAMANI AL GHIFARI', 'MOCH FAUZAN DIENZAMANI AL GHIFARI', 'XI-IPS-1', NULL, NULL),
(708, 222310292, 'MOUZA MAISHA FATHARANI', 'MOUZA MAISHA FATHARANI', 'XI-IPS-1', NULL, NULL),
(709, 222310293, 'MUHAMAD RAFLY PASHA FITRIYANA', 'MUHAMAD RAFLY PASHA FITRIYANA', 'XI-IPS-1', NULL, NULL),
(710, 222310294, 'MUHAMMAD BAGJA PUTRA PRATAMA', 'MUHAMMAD BAGJA PUTRA PRATAMA', 'XI-IPS-1', NULL, NULL),
(711, 222310295, 'MUHAMMAD RIFKY', 'MUHAMMAD RIFKY', 'XI-IPS-1', NULL, NULL),
(712, 222310296, 'NAZWA ZAQIA HERIANTI ANANDIVA', 'NAZWA ZAQIA HERIANTI ANANDIVA', 'XI-IPS-1', NULL, NULL),
(713, 222310297, 'NISA NURASIPA', 'NISA NURASIPA', 'XI-IPS-1', NULL, NULL),
(714, 222310298, 'NITA NAZMIA NUR AZIZAH', 'NITA NAZMIA NUR AZIZAH', 'XI-IPS-1', NULL, NULL),
(715, 222310299, 'QEISHA MAULANI', 'QEISHA MAULANI', 'XI-IPS-1', NULL, NULL),
(716, 222310300, 'RACHEL MIKAELA PUTRI', 'RACHEL MIKAELA PUTRI', 'XI-IPS-1', NULL, NULL),
(717, 222310301, 'RADISA EMUTHEA ISNAINI', 'RADISA EMUTHEA ISNAINI', 'XI-IPS-1', NULL, NULL),
(718, 222310302, 'RAFEYFA ASYLA PUTRI NOVIANDI', 'RAFEYFA ASYLA PUTRI NOVIANDI', 'XI-IPS-1', NULL, NULL),
(719, 222310303, 'RASHIDA SAFA GARIN', 'RASHIDA SAFA GARIN', 'XI-IPS-1', NULL, NULL),
(720, 222310304, 'RASYA RASIDIN', 'RASYA RASIDIN', 'XI-IPS-1', NULL, NULL),
(721, 222310305, 'RISDI ARDIANSAH', 'RISDI ARDIANSAH', 'XI-IPS-1', NULL, NULL),
(722, 222310306, 'SITI KUROTA AINI', 'SITI KUROTA AINI', 'XI-IPS-1', NULL, NULL),
(723, 222310307, 'WIDYA DESPIANA', 'WIDYA DESPIANA', 'XI-IPS-1', NULL, NULL),
(724, 222310308, 'YUDA PERMANA', 'YUDA PERMANA', 'XI-IPS-1', NULL, NULL),
(725, 222310309, 'YUSA MUHAMAD AL FATIR', 'YUSA MUHAMAD AL FATIR', 'XI-IPS-1', NULL, NULL),
(726, 222310310, 'ZALFA A`RAAF KAUTSAR', 'ZALFA A`RAAF KAUTSAR', 'XI-IPS-1', NULL, NULL),
(727, 222310439, 'ADILA', 'ADILA', 'XI-IPS-1', NULL, NULL),
(728, 222310311, 'ABDUL MUFIID', 'ABDUL MUFIID', 'XI-IPS-2', NULL, NULL),
(729, 222310312, 'BRITHNEY M SIHOMBING', 'BRITHNEY M SIHOMBING', 'XI-IPS-2', NULL, NULL),
(730, 222310313, 'DENDI RAMDANI', 'DENDI RAMDANI', 'XI-IPS-2', NULL, NULL),
(731, 222310314, 'DEVA KIRANA WHARDHANA PUTRI', 'DEVA KIRANA WHARDHANA PUTRI', 'XI-IPS-2', NULL, NULL),
(732, 222310315, 'DIAN AL-FATH', 'DIAN AL-FATH', 'XI-IPS-2', NULL, NULL),
(733, 222310316, 'DINDA OKTAVIA RAMADANI', 'DINDA OKTAVIA RAMADANI', 'XI-IPS-2', NULL, NULL),
(734, 222310317, 'FAREL AHMAD FAHREZI', 'FAREL AHMAD FAHREZI', 'XI-IPS-2', NULL, NULL),
(735, 222310318, 'FEBRIYANTI', 'FEBRIYANTI', 'XI-IPS-2', NULL, NULL),
(736, 222310319, 'FIRDA HASNA NURFADHILAH', 'FIRDA HASNA NURFADHILAH', 'XI-IPS-2', NULL, NULL),
(737, 222310320, 'GABRIELLA ANGELIQUE VIDELICA', 'GABRIELLA ANGELIQUE VIDELICA', 'XI-IPS-2', NULL, NULL),
(738, 222310321, 'GHAFARA TANZILAL FALENDIKA', 'GHAFARA TANZILAL FALENDIKA', 'XI-IPS-2', NULL, NULL),
(739, 222310322, 'HAIKAL ADITIYA PAMUNGKAS', 'HAIKAL ADITIYA PAMUNGKAS', 'XI-IPS-2', NULL, NULL),
(740, 222310323, 'IRHAM MAULANA GINANJAR', 'IRHAM MAULANA GINANJAR', 'XI-IPS-2', NULL, NULL),
(741, 222310324, 'KAYLA RAHMANIA SHAFA', 'KAYLA RAHMANIA SHAFA', 'XI-IPS-2', NULL, NULL),
(742, 222310325, 'KHALISHA NARISWARI', 'KHALISHA NARISWARI', 'XI-IPS-2', NULL, NULL),
(743, 222310326, 'KHALLYANA NAURA SEKAR KINASIH CH.', 'KHALLYANA NAURA SEKAR KINASIH CH.', 'XI-IPS-2', NULL, NULL),
(744, 222310327, 'MARISSA LISNAWATI DEWI', 'MARISSA LISNAWATI DEWI', 'XI-IPS-2', NULL, NULL),
(745, 222310328, 'MOCH FAKIH ZULKIFLI', 'MOCH FAKIH ZULKIFLI', 'XI-IPS-2', NULL, NULL),
(746, 222310329, 'MUHAMAD RAMDANI', 'MUHAMAD RAMDANI', 'XI-IPS-2', NULL, NULL),
(747, 222310330, 'MUHAMAD SAFIK ALAUZA', 'MUHAMAD SAFIK ALAUZA', 'XI-IPS-2', NULL, NULL),
(748, 222310331, 'MUHAMMAD ZALHAN PASYA RAMADHAN', 'MUHAMMAD ZALHAN PASYA RAMADHAN', 'XI-IPS-2', NULL, NULL),
(749, 222310332, 'MUTIA DHINI HANIFA', 'MUTIA DHINI HANIFA', 'XI-IPS-2', NULL, NULL),
(750, 222310333, 'NADHIMALYA MUSTIKA LAUDZA', 'NADHIMALYA MUSTIKA LAUDZA', 'XI-IPS-2', NULL, NULL),
(751, 222310334, 'NADITA SALSABILA TRINANDA', 'NADITA SALSABILA TRINANDA', 'XI-IPS-2', NULL, NULL),
(752, 222310335, 'NAFISHA KHALIFIYA', 'NAFISHA KHALIFIYA', 'XI-IPS-2', NULL, NULL),
(753, 222310336, 'NISRINALAYA M. HUWAIDA', 'NISRINALAYA M. HUWAIDA', 'XI-IPS-2', NULL, NULL),
(754, 222310337, 'PUTRI DIAN HAERANI', 'PUTRI DIAN HAERANI', 'XI-IPS-2', NULL, NULL),
(755, 222310338, 'RADO ANDRIANO', 'RADO ANDRIANO', 'XI-IPS-2', NULL, NULL),
(756, 222310339, 'RAHMA NURFAUZIAH SUNANDAR', 'RAHMA NURFAUZIAH SUNANDAR', 'XI-IPS-2', NULL, NULL),
(757, 222310340, 'RAZIEF AZRIELIQHA PUTRA', 'RAZIEF AZRIELIQHA PUTRA', 'XI-IPS-2', NULL, NULL),
(758, 222310341, 'REGINA LOUISA', 'REGINA LOUISA', 'XI-IPS-2', NULL, NULL),
(759, 222310342, 'REIHAN SANJAY PRATAMA', 'REIHAN SANJAY PRATAMA', 'XI-IPS-2', NULL, NULL),
(760, 222310343, 'RIZQI FAHMI HAERUMAN', 'RIZQI FAHMI HAERUMAN', 'XI-IPS-2', NULL, NULL),
(761, 222310344, 'SILMI KAFFAH RIDWAN', 'SILMI KAFFAH RIDWAN', 'XI-IPS-2', NULL, NULL),
(762, 222310345, 'SRI KHOIRUNISA', 'SRI KHOIRUNISA', 'XI-IPS-2', NULL, NULL),
(763, 222310346, 'YUSUP SEPTIANSYAH', 'YUSUP SEPTIANSYAH', 'XI-IPS-2', NULL, NULL),
(764, 222310347, 'ZACKYLA M SANTOS', 'ZACKYLA M SANTOS', 'XI-IPS-2', NULL, NULL),
(765, 222310436, 'M KAHFI', 'M KAHFI', 'XI-IPS-2', NULL, NULL),
(766, 222310440, 'FULKI FIRDAUS', 'FULKI FIRDAUS', 'XI-IPS-2', NULL, NULL),
(767, 222310348, 'ADELIA NUR LIGAR RIZKIA', 'ADELIA NUR LIGAR RIZKIA', 'XI-IPS-3', NULL, NULL),
(768, 222310349, 'ALBI MULQI RIZKI', 'ALBI MULQI RIZKI', 'XI-ILS-3', NULL, NULL),
(769, 222310350, 'ALYA NOOR FATHIYYA', 'ALYA NOOR FATHIYYA', 'XI-IPS-3', NULL, NULL),
(770, 222310351, 'ANISA NUR FADILAH', 'ANISA NUR FADILAH', 'XI-IPS-3', NULL, NULL),
(771, 222310352, 'AQMARINA INDAH RAKHMASARI', 'AQMARINA INDAH RAKHMASARI', 'XI-IPS-3', NULL, NULL),
(772, 222310353, 'BARON JAYA LAKSANA', 'BARON JAYA LAKSANA', 'XI-ILS-3', NULL, NULL),
(773, 222310354, 'CHANTIKA LORA OKTAVIA', 'CHANTIKA LORA OKTAVIA', 'XI-IPS-3', NULL, NULL),
(774, 222310355, 'DAFFA ERFARIAZKY SUDRAJAT', 'DAFFA ERFARIAZKY SUDRAJAT', 'XI-ILS-3', NULL, NULL),
(775, 222310356, 'DHANDY DIRGANTARA PUTRA', 'DHANDY DIRGANTARA PUTRA', 'XI-ILS-3', NULL, NULL),
(776, 222310357, 'ELLEN CHINTYA AYU', 'ELLEN CHINTYA AYU', 'XI-IPS-3', NULL, NULL),
(777, 222310358, 'FADIL ROMANSYAH KARUNIAWAN', 'FADIL ROMANSYAH KARUNIAWAN', 'XI-ILS-3', NULL, NULL),
(778, 222310359, 'FADLAN RAFIQI SUPARDI', 'FADLAN RAFIQI SUPARDI', 'XI-ILS-3', NULL, NULL),
(779, 222310360, 'FAREL GUSTIA DIYUGA', 'FAREL GUSTIA DIYUGA', 'XI-ILS-3', NULL, NULL),
(780, 222310361, 'IIS SITI NURJANAH', 'IIS SITI NURJANAH', 'XI-IPS-3', NULL, NULL),
(781, 222310362, 'ILHAM NURFAJAR', 'ILHAM NURFAJAR', 'XI-ILS-3', NULL, NULL),
(782, 222310363, 'INDRA ANDRIANA SUDRAJAT', 'INDRA ANDRIANA SUDRAJAT', 'XI-ILS-3', NULL, NULL),
(783, 222310364, 'KERYN ISABELLE BIANCA SIPAHUTAR', 'KERYN ISABELLE BIANCA SIPAHUTAR', 'XI-IPS-3', NULL, NULL),
(784, 222310365, 'M LUKI NUGRAHA', 'M LUKI NUGRAHA', 'XI-ILS-3', NULL, NULL),
(785, 222310366, 'MAWAT APRILIANI', 'MAWAT APRILIANI', 'XI-IPS-3', NULL, NULL),
(786, 222310367, 'MEGA LESTARI', 'MEGA LESTARI', 'XI-IPS-3', NULL, NULL),
(787, 222310368, 'MUHAMMAD ANDRE AGASSI', 'MUHAMMAD ANDRE AGASSI', 'XI-ILS-3', NULL, NULL),
(788, 222310369, 'MUHAMMAD NAZRIL ILHAM', 'MUHAMMAD NAZRIL ILHAM', 'XI-ILS-3', NULL, NULL),
(789, 222310370, 'MUHAMMAD RAFI RAMADHAN', 'MUHAMMAD RAFI RAMADHAN', 'XI-ILS-3', NULL, NULL),
(790, 222310371, 'NADIA NURPADILAH', 'NADIA NURPADILAH', 'XI-IPS-3', NULL, NULL),
(791, 222310372, 'NAJLAA INDI RAHAYU MUNTAAZAH', 'NAJLAA INDI RAHAYU MUNTAAZAH', 'XI-IPS-3', NULL, NULL),
(792, 222310373, 'NENG RANI', 'NENG RANI', 'XI-IPS-3', NULL, NULL),
(793, 222310374, 'NENG RESNA MERRISA', 'NENG RESNA MERRISA', 'XI-IPS-3', NULL, NULL),
(794, 222310375, 'NIZAR AL FARIZKI', 'NIZAR AL FARIZKI', 'XI-ILS-3', NULL, NULL),
(795, 222310376, 'PUTRI INTAN', 'PUTRI INTAN', 'XI-IPS-3', NULL, NULL),
(796, 222310377, 'RAHMA ALIA', 'RAHMA ALIA', 'XI-IPS-3', NULL, NULL),
(797, 222310378, 'RASYIQ NASIT', 'RASYIQ NASIT', 'XI-ILS-3', NULL, NULL),
(798, 222310379, 'RESA NUR IKHLAS', 'RESA NUR IKHLAS', 'XI-IPS-3', NULL, NULL),
(799, 222310380, 'RIDHO MUHAMMAD TSANI', 'RIDHO MUHAMMAD TSANI', 'XI-ILS-3', NULL, NULL),
(800, 222310381, 'SASKIA KHOIRUNNISA SAHRONI', 'SASKIA KHOIRUNNISA SAHRONI', 'XI-IPS-3', NULL, NULL),
(801, 222310382, 'SINTHIA RIZKIKA JULIANTI', 'SINTHIA RIZKIKA JULIANTI', 'XI-IPS-3', NULL, NULL),
(802, 222310383, 'SITI NURPADILLAH', 'SITI NURPADILLAH', 'XI-IPS-3', NULL, NULL),
(803, 222310384, 'SYAHRIL ZEN ISMAIL', 'SYAHRIL ZEN ISMAIL', 'XI-ILS-3', NULL, NULL),
(804, 222310385, 'SYARA PUTRI', 'SYARA PUTRI', 'XI-IPS-3', NULL, NULL),
(805, 222310386, 'TIARA LESTARI', 'TIARA LESTARI', 'XI-IPS-3', NULL, NULL),
(806, 222310387, 'ADELIA ANTIESTI', 'ADELIA ANTIESTI', 'XI-IPS-4', NULL, NULL),
(807, 222310388, 'ARLA AELANI PUTRI', 'ARLA AELANI PUTRI', 'XI-IPS-4', NULL, NULL),
(808, 222310389, 'AURELIA ZETARY PUTRI SUHERMAN', 'AURELIA ZETARY PUTRI SUHERMAN', 'XI-IPS-4', NULL, NULL),
(809, 222310390, 'BUNGA APRIANI', 'BUNGA APRIANI', 'XI-IPS-4', NULL, NULL),
(810, 222310391, 'DASYANARA FEYZA', 'DASYANARA FEYZA', 'XI-IPS-4', NULL, NULL),
(811, 222310392, 'DIMAS SAWALUDIN', 'DIMAS SAWALUDIN', 'XI-ILS-4', NULL, NULL),
(812, 222310393, 'DITA TRI RAHMANI', 'DITA TRI RAHMANI', 'XI-IPS-4', NULL, NULL),
(813, 222310394, 'FAREL ALZENA HARYADI', 'FAREL ALZENA HARYADI', 'XI-ILS-4', NULL, NULL),
(814, 222310395, 'FARIZ SAPUTRA NURGAHA', 'FARIZ SAPUTRA NURGAHA', 'XI-ILS-4', NULL, NULL),
(815, 222310396, 'FATURACHMAN ZALDY NURJAMAN', 'FATURACHMAN ZALDY NURJAMAN', 'XI-ILS-4', NULL, NULL),
(816, 222310397, 'FITRIA HOERUNNISA', 'FITRIA HOERUNNISA', 'XI-IPS-4', NULL, NULL),
(817, 222310398, 'ILHAM SAMUDRA', 'ILHAM SAMUDRA', 'XI-ILS-4', NULL, NULL),
(818, 222310399, 'MAHARANI RIDWAN', 'MAHARANI RIDWAN', 'XI-IPS-4', NULL, NULL),
(819, 222310400, 'MIFTACHUL FALAH WIRADHIKA', 'MIFTACHUL FALAH WIRADHIKA', 'XI-ILS-4', NULL, NULL),
(820, 222310401, 'MOCHAMAD FAUZI ADITYA', 'MOCHAMAD FAUZI ADITYA', 'XI-ILS-4', NULL, NULL),
(821, 222310402, 'MUHAMAD IMAM SOPIYAN', 'MUHAMAD IMAM SOPIYAN', 'XI-ILS-4', NULL, NULL),
(822, 222310403, 'MUHAMMAD ABDUL FAIZ', 'MUHAMMAD ABDUL FAIZ', 'XI-ILS-4', NULL, NULL),
(823, 222310404, 'MUHAMMAD FAUZI', 'MUHAMMAD FAUZI', 'XI-ILS-4', NULL, NULL),
(824, 222310405, 'MUHAMMAD RIAN RAMADHANI', 'MUHAMMAD RIAN RAMADHANI', 'XI-ILS-4', NULL, NULL),
(825, 222310406, 'NAYLA SHARMILLA', 'NAYLA SHARMILLA', 'XI-IPS-4', NULL, NULL),
(826, 222310407, 'NAZWA NURFADHILAH', 'NAZWA NURFADHILAH', 'XI-IPS-4', NULL, NULL),
(827, 222310408, 'NESA INTAN SARI', 'NESA INTAN SARI', 'XI-IPS-4', NULL, NULL),
(828, 222310409, 'NICK ROSSAN SOPIAN', 'NICK ROSSAN SOPIAN', 'XI-ILS-4', NULL, NULL),
(829, 222310410, 'NURI ANGGRAENI', 'NURI ANGGRAENI', 'XI-IPS-4', NULL, NULL),
(830, 222310411, 'NURUL KOMARIATUL PURNAMA', 'NURUL KOMARIATUL PURNAMA', 'XI-IPS-4', NULL, NULL),
(831, 222310412, 'RACHEL MEILITA PUTRI', 'RACHEL MEILITA PUTRI', 'XI-IPS-4', NULL, NULL),
(832, 222310413, 'RAFI MUHAMMAD RAHMAN', 'RAFI MUHAMMAD RAHMAN', 'XI-ILS-4', NULL, NULL),
(833, 222310414, 'RAYAN SHADI AL BAIHAQI', 'RAYAN SHADI AL BAIHAQI', 'XI-ILS-4', NULL, NULL),
(834, 222310415, 'REVA ERNALIA PUTRI', 'REVA ERNALIA PUTRI', 'XI-IPS-4', NULL, NULL),
(835, 222310416, 'RIDWAN GUNAWAN', 'RIDWAN GUNAWAN', 'XI-ILS-4', NULL, NULL),
(836, 222310417, 'RIZKI FAKHRIZAL SETYANTO', 'RIZKI FAKHRIZAL SETYANTO', 'XI-ILS-4', NULL, NULL),
(837, 222310418, 'SABILA SALSA NAVISA', 'SABILA SALSA NAVISA', 'XI-IPS-4', NULL, NULL),
(838, 222310419, 'SALMA NOVIANTI', 'SALMA NOVIANTI', 'XI-IPS-4', NULL, NULL),
(839, 222310420, 'SUCI SAHNAZ', 'SUCI SAHNAZ', 'XI-IPS-4', NULL, NULL),
(840, 222310421, 'SYAILA PUTRI ASYFA', 'SYAILA PUTRI ASYFA', 'XI-IPS-4', NULL, NULL),
(841, 222310422, 'VEGA JELITA PRIYADI', 'VEGA JELITA PRIYADI', 'XI-IPS-4', NULL, NULL),
(842, 222310423, 'VIOLA ANASTASYA', 'VIOLA ANASTASYA', 'XI-IPS-4', NULL, NULL),
(843, 222310424, 'YOSEP SATRIA AJI', 'YOSEP SATRIA AJI', 'XI-ILS-4', NULL, NULL),
(844, 222310441, 'WINDA MEILANI', 'WINDA MEILANI', 'XI-IPS-4', NULL, NULL),
(845, 1, 'AHMAD SYAFIQ ABDUNNAFI', 'AHMAD SYAFIQ ABDUNNAFI', 'X-BAHASA', NULL, NULL),
(846, 2, 'ALBAR EL FAHDAN PURNABAYA', 'ALBAR EL FAHDAN PURNABAYA', 'X-BAHASA', NULL, NULL),
(847, 3, 'AZZAHRA GHANIA BATRISYIA ARIFIN', 'AZZAHRA GHANIA BATRISYIA ARIFIN', 'X-BAHASA', NULL, NULL),
(848, 4, 'BELDI FIRDAUS', 'BELDI FIRDAUS', 'X-BAHASA', NULL, NULL),
(849, 5, 'DERIS RIZKI NUGRAHA', 'DERIS RIZKI NUGRAHA', 'X-BAHASA', NULL, NULL),
(850, 6, 'IRJI IBNU TIAN', 'IRJI IBNU TIAN', 'X-BAHASA', NULL, NULL),
(851, 7, ' JANJAN TRI SATRIA ', ' JANJAN TRI SATRIA ', 'X-BAHASA', NULL, NULL),
(852, 8, 'JIHAN DESWITA ARINI', 'JIHAN DESWITA ARINI', 'X-BAHASA', NULL, NULL),
(853, 9, 'KEISHA TORRESTA SAPUTRA', 'KEISHA TORRESTA SAPUTRA', 'X-BAHASA', NULL, NULL),
(854, 10, 'KIRAN ARGA', 'KIRAN ARGA', 'X-BAHASA', NULL, NULL),
(855, 11, 'LUZIA ALAYSHA ANDRIANI', 'LUZIA ALAYSHA ANDRIANI', 'X-BAHASA', NULL, NULL),
(856, 12, 'MASAYU RESTU FAUZIAH', 'MASAYU RESTU FAUZIAH', 'X-BAHASA', NULL, NULL),
(857, 13, 'MOHAMAD FADLIL NUR HUDA', 'MOHAMAD FADLIL NUR HUDA', 'X-BAHASA', NULL, NULL),
(858, 14, 'MUHAMAD RIZKY FAIZ RABBANI', 'MUHAMAD RIZKY FAIZ RABBANI', 'X-BAHASA', NULL, NULL),
(859, 15, 'NABIL ABDIL BARI', 'NABIL ABDIL BARI', 'X-BAHASA', NULL, NULL),
(860, 16, 'PRADIPA HANAFI WIDYADHANA ISMAIL', 'PRADIPA HANAFI WIDYADHANA ISMAIL', 'X-BAHASA', NULL, NULL),
(861, 17, 'RAHMAN NUR ROHIM', 'RAHMAN NUR ROHIM', 'X-BAHASA', NULL, NULL),
(862, 18, 'RD. KHALIF FAILLABY SANTANA', 'RD. KHALIF FAILLABY SANTANA', 'X-BAHASA', NULL, NULL),
(863, 19, 'RIVA NOPIANTI', 'RIVA NOPIANTI', 'X-BAHASA', NULL, NULL),
(864, 20, 'RIZKI FIRDAUS', 'RIZKI FIRDAUS', 'X-BAHASA', NULL, NULL),
(865, 21, 'SILVI PUTRI INDAH SARI', 'SILVI PUTRI INDAH SARI', 'X-BAHASA', NULL, NULL),
(866, 22, 'SITI HAMIDAH NURNAJM', 'SITI HAMIDAH NURNAJM', 'X-BAHASA', NULL, NULL),
(867, 23, ' TIARA NURKHOLIK ', ' TIARA NURKHOLIK ', 'X-BAHASA', NULL, NULL),
(868, 1, 'ADINDA PRAMEIDA PUTRI', 'ADINDA PRAMEIDA PUTRI', 'X-MIPA-1', NULL, NULL),
(869, 2, 'ARTESA ELDIANY ISKANDAR', 'ARTESA ELDIANY ISKANDAR', 'X-MIPA-1', NULL, NULL),
(870, 3, 'ATALIA RAISYA AL-QURANI', 'ATALIA RAISYA AL-QURANI', 'X-MIPA-1', NULL, NULL),
(871, 4, 'AYEISHA SHAINA ZALIKA M Z', 'AYEISHA SHAINA ZALIKA M Z', 'X-MIPA-1', NULL, NULL),
(872, 5, 'CARISSA CHIKA RAMADHANI HERLAMBANG', 'CARISSA CHIKA RAMADHANI HERLAMBANG', 'X-MIPA-1', NULL, NULL),
(873, 6, 'CAYSHA FITRIA RAMADHANI', 'CAYSHA FITRIA RAMADHANI', 'X-MIPA-1', NULL, NULL),
(874, 7, 'CHELSEA TRI HAFSARI', 'CHELSEA TRI HAFSARI', 'X-MIPA-1', NULL, NULL),
(875, 8, 'DESTA ADITYA', 'DESTA ADITYA', 'X-MIPA-1', NULL, NULL),
(876, 9, 'DEVINA JULIYANTI', 'DEVINA JULIYANTI', 'X-MIPA-1', NULL, NULL),
(877, 10, 'DINARA ANINDYA LATIEF', 'DINARA ANINDYA LATIEF', 'X-MIPA-1', NULL, NULL),
(878, 11, 'FACHRI ARRIZKI PASHA', 'FACHRI ARRIZKI PASHA', 'X-MIPA-1', NULL, NULL),
(879, 12, 'INDAH AULIA HARIANJA', 'INDAH AULIA HARIANJA', 'X-MIPA-1', NULL, NULL),
(880, 13, 'ISMI CAHYA WULANDINI', 'ISMI CAHYA WULANDINI', 'X-MIPA-1', NULL, NULL),
(881, 14, 'JILAN MUMTAZ SANTOSO', 'JILAN MUMTAZ SANTOSO', 'X-MIPA-1', NULL, NULL),
(882, 15, 'LENA MUTIARA LESTARI', 'LENA MUTIARA LESTARI', 'X-MIPA-1', NULL, NULL),
(883, 16, 'M ZAHRAN FATHUL RABANI', 'M ZAHRAN FATHUL RABANI', 'X-MIPA-1', NULL, NULL),
(884, 17, 'MELISA PRETICIA', 'MELISA PRETICIA', 'X-MIPA-1', NULL, NULL),
(885, 18, 'MOHAMMAD RAZAAN HADE AIMANULLAH', 'MOHAMMAD RAZAAN HADE AIMANULLAH', 'X-MIPA-1', NULL, NULL),
(886, 19, 'MONANG CLINTON PORTOGI PASARIBU', 'MONANG CLINTON PORTOGI PASARIBU', 'X-MIPA-1', NULL, NULL),
(887, 20, 'NADYA KHAIRUNNISA SUKMANA', 'NADYA KHAIRUNNISA SUKMANA', 'X-MIPA-1', NULL, NULL),
(888, 21, 'NAEK LIMBONG', 'NAEK LIMBONG', 'X-MIPA-1', NULL, NULL),
(889, 22, 'NAILLA LUTFAH', 'NAILLA LUTFAH', 'X-MIPA-1', NULL, NULL),
(890, 23, 'NAIRA HAJRIN', 'NAIRA HAJRIN', 'X-MIPA-1', NULL, NULL),
(891, 24, 'NATHANIA AL-KHALIFI', 'NATHANIA AL-KHALIFI', 'X-MIPA-1', NULL, NULL),
(892, 25, 'NAUFAL RIZKY HADI PERMANA', 'NAUFAL RIZKY HADI PERMANA', 'X-MIPA-1', NULL, NULL),
(893, 26, 'NIKKO RADEN TURANGGA', 'NIKKO RADEN TURANGGA', 'X-MIPA-1', NULL, NULL),
(894, 27, 'QORI SALSABIL MAULIDDINA', 'QORI SALSABIL MAULIDDINA', 'X-MIPA-1', NULL, NULL),
(895, 28, 'RAHMA NUR RAHMADHANTI', 'RAHMA NUR RAHMADHANTI', 'X-MIPA-1', NULL, NULL),
(896, 29, 'RAINALDO MUHAMMAD FAIZAL', 'RAINALDO MUHAMMAD FAIZAL', 'X-MIPA-1', NULL, NULL),
(897, 30, 'RAISYA ARADITHA SHIDDIQ', 'RAISYA ARADITHA SHIDDIQ', 'X-MIPA-1', NULL, NULL),
(898, 31, 'RAISYA ZAHRA NOPIANTI', 'RAISYA ZAHRA NOPIANTI', 'X-MIPA-1', NULL, NULL),
(899, 32, 'RAZNI AINUN NISA', 'RAZNI AINUN NISA', 'X-MIPA-1', NULL, NULL),
(900, 33, 'REVAN AHMAD ZAELANI', 'REVAN AHMAD ZAELANI', 'X-MIPA-1', NULL, NULL),
(901, 34, 'RIDHO MUHAMMAD SIDIQ', 'RIDHO MUHAMMAD SIDIQ', 'X-MIPA-1', NULL, NULL),
(902, 35, 'SALMA FIHAYA', 'SALMA FIHAYA', 'X-MIPA-1', NULL, NULL),
(903, 36, ' SALSABILLA DAMAYANTI ', ' SALSABILLA DAMAYANTI ', 'X-MIPA-1', NULL, NULL),
(904, 37, 'SHIFA AULIA DZIKRA', 'SHIFA AULIA DZIKRA', 'X-MIPA-1', NULL, NULL),
(905, 1, 'ABDUL MUGITS', 'ABDUL MUGITS', 'X-MIPA-2', NULL, NULL),
(906, 2, 'AGHNI YASMINA HUMAIRA', 'AGHNI YASMINA HUMAIRA', 'X-MIPA-2', NULL, NULL),
(907, 3, 'AMANDA DWI HAFSARI', 'AMANDA DWI HAFSARI', 'X-MIPA-2', NULL, NULL),
(908, 4, 'CARISSA QIRANIA AQILAH', 'CARISSA QIRANIA AQILAH', 'X-MIPA-2', NULL, NULL),
(909, 5, 'DAVINA NURAENI', 'DAVINA NURAENI', 'X-MIPA-2', NULL, NULL),
(910, 6, 'DEVINA AYUTANTRI', 'DEVINA AYUTANTRI', 'X-MIPA-2', NULL, NULL),
(911, 7, 'EZAR MUZAKKI', 'EZAR MUZAKKI', 'X-MIPA-2', NULL, NULL),
(912, 8, 'FADHIL MOHAMMAD AKBAR', 'FADHIL MOHAMMAD AKBAR', 'X-MIPA-2', NULL, NULL),
(913, 9, 'FARRAS ADIL AHMAD SAKHIY', 'FARRAS ADIL AHMAD SAKHIY', 'X-MIPA-2', NULL, NULL),
(914, 10, 'INDAH RAHMA DHANI', 'INDAH RAHMA DHANI', 'X-MIPA-2', NULL, NULL),
(915, 11, 'KEYSHA SALMA KHOERUNNISA', 'KEYSHA SALMA KHOERUNNISA', 'X-MIPA-2', NULL, NULL),
(916, 12, 'KIRANA', 'KIRANA', 'X-MIPA-2', NULL, NULL),
(917, 13, 'MOCHAMAD FATIH RAHMATULLOH', 'MOCHAMAD FATIH RAHMATULLOH', 'X-MIPA-2', NULL, NULL),
(918, 14, 'MOH.ABDUL AL FAOZAN ZAELANI', 'MOH.ABDUL AL FAOZAN ZAELANI', 'X-MIPA-2', NULL, NULL),
(919, 15, 'MOHAMMAD SAKIB BADILLAH', 'MOHAMMAD SAKIB BADILLAH', 'X-MIPA-2', NULL, NULL),
(920, 16, 'MUHAMAD THOHIRUL ARDI', 'MUHAMAD THOHIRUL ARDI', 'X-MIPA-2', NULL, NULL),
(921, 17, 'MUHAMMAD AFGAN HABIB ASSALAM', 'MUHAMMAD AFGAN HABIB ASSALAM', 'X-MIPA-2', NULL, NULL),
(922, 18, 'MUHAMMAD FABIAN FATUROCHMAN', 'MUHAMMAD FABIAN FATUROCHMAN', 'X-MIPA-2', NULL, NULL),
(923, 19, 'MUHAMMAD FATHAN', 'MUHAMMAD FATHAN', 'X-MIPA-2', NULL, NULL),
(924, 20, 'MUHAMMAD NUR\'ALIM', 'MUHAMMAD NUR\'ALIM', 'X-MIPA-2', NULL, NULL),
(925, 21, 'NASYWA MUGNI DHIYA ULHAQ', 'NASYWA MUGNI DHIYA ULHAQ', 'X-MIPA-2', NULL, NULL),
(926, 22, 'NIDA SALSABILA', 'NIDA SALSABILA', 'X-MIPA-2', NULL, NULL),
(927, 23, 'NIKITA MAHARANI SINAGA', 'NIKITA MAHARANI SINAGA', 'X-MIPA-2', NULL, NULL),
(928, 24, 'RADELA ZAHWANI', 'RADELA ZAHWANI', 'X-MIPA-2', NULL, NULL),
(929, 25, 'RAFI RAHMAT RAMADAN', 'RAFI RAHMAT RAMADAN', 'X-MIPA-2', NULL, NULL),
(930, 26, 'RANGGA TABINA RAFFA', 'RANGGA TABINA RAFFA', 'X-MIPA-2', NULL, NULL),
(931, 27, 'RASYA FEBRIAN PUTRA', 'RASYA FEBRIAN PUTRA', 'X-MIPA-2', NULL, NULL),
(932, 28, 'RENANDHITA ZAHWA NAWAKSARA', 'RENANDHITA ZAHWA NAWAKSARA', 'X-MIPA-2', NULL, NULL),
(933, 29, 'RISKI SUDRAJAT BURHAN', 'RISKI SUDRAJAT BURHAN', 'X-MIPA-2', NULL, NULL),
(934, 30, 'SALSABILA MECCA', 'SALSABILA MECCA', 'X-MIPA-2', NULL, NULL),
(935, 31, 'SHERLY RETNANINGTIAS', 'SHERLY RETNANINGTIAS', 'X-MIPA-2', NULL, NULL),
(936, 32, 'SINTA SABILA', 'SINTA SABILA', 'X-MIPA-2', NULL, NULL),
(937, 33, 'SITI TSARWAH MUFIIDAH', 'SITI TSARWAH MUFIIDAH', 'X-MIPA-2', NULL, NULL),
(938, 34, 'SUCI SYAHBANI HIDAYAT', 'SUCI SYAHBANI HIDAYAT', 'X-MIPA-2', NULL, NULL),
(939, 35, 'SYAFIYA MAULA KHANSA', 'SYAFIYA MAULA KHANSA', 'X-MIPA-2', NULL, NULL),
(940, 36, 'SYAIMA LUVENA LYSANDRA', 'SYAIMA LUVENA LYSANDRA', 'X-MIPA-2', NULL, NULL),
(941, 37, 'WILDAN FAKIH', 'WILDAN FAKIH', 'X-MIPA-2', NULL, NULL),
(942, 1, 'ABDUL NUR KHOLIK FADILAH', 'ABDUL NUR KHOLIK FADILAH', 'X-MIPA-3', NULL, NULL),
(943, 2, 'ALIYA NURUL AENI', 'ALIYA NURUL AENI', 'X-MIPA-3', NULL, NULL),
(944, 3, 'ANISA WULAN JAUHARA', 'ANISA WULAN JAUHARA', 'X-MIPA-3', NULL, NULL),
(945, 4, 'ARDHI MUKHTAR GHANI E', 'ARDHI MUKHTAR GHANI E', 'X-MIPA-3', NULL, NULL),
(946, 5, 'ARIE KURNIA', 'ARIE KURNIA', 'X-MIPA-3', NULL, NULL),
(947, 6, 'AVEIROES SHAHDEVA', 'AVEIROES SHAHDEVA', 'X-MIPA-3', NULL, NULL),
(948, 7, 'CAHAYA SARAYA RUSMANA', 'CAHAYA SARAYA RUSMANA', 'X-MIPA-3', NULL, NULL),
(949, 8, 'CHESKA RADHITYA RIDWAN', 'CHESKA RADHITYA RIDWAN', 'X-MIPA-3', NULL, NULL),
(950, 9, 'DEVIGOTRI OCTAVIANO', 'DEVIGOTRI OCTAVIANO', 'X-MIPA-3', NULL, NULL),
(951, 10, 'DIANA KHAIRUNISA', 'DIANA KHAIRUNISA', 'X-MIPA-3', NULL, NULL),
(952, 11, 'DINA JULIANTIA ISLAMIYAH', 'DINA JULIANTIA ISLAMIYAH', 'X-MIPA-3', NULL, NULL),
(953, 12, 'FACHRIZAL GUSTIAN ANWAR', 'FACHRIZAL GUSTIAN ANWAR', 'X-MIPA-3', NULL, NULL),
(954, 13, 'FATIMAH AZ ZAHRA', 'FATIMAH AZ ZAHRA', 'X-MIPA-3', NULL, NULL),
(955, 14, 'HAIFA TSLATSA ATSARIYYAH', 'HAIFA TSLATSA ATSARIYYAH', 'X-MIPA-3', NULL, NULL),
(956, 15, 'HARIS SUBAKTI MUHARROM', 'HARIS SUBAKTI MUHARROM', 'X-MIPA-3', NULL, NULL),
(957, 16, 'IRSHAD SABILUL HAQ', 'IRSHAD SABILUL HAQ', 'X-MIPA-3', NULL, NULL),
(958, 17, 'JUSTIN GESA CHANDRAWINATA', 'JUSTIN GESA CHANDRAWINATA', 'X-MIPA-3', NULL, NULL),
(959, 18, 'KEYLA MILLY ARYA SUMARDI', 'KEYLA MILLY ARYA SUMARDI', 'X-MIPA-3', NULL, NULL),
(960, 19, 'KEYSHA NAFISA NUR APRILIA', 'KEYSHA NAFISA NUR APRILIA', 'X-MIPA-3', NULL, NULL),
(961, 20, 'LYNA MAULIDA APRILYANISA', 'LYNA MAULIDA APRILYANISA', 'X-MIPA-3', NULL, NULL),
(962, 21, 'M. DEVA PIRANSYAH', 'M. DEVA PIRANSYAH', 'X-MIPA-3', NULL, NULL),
(963, 22, 'M. KAMIL ZAIDAN SANTOSO', 'M. KAMIL ZAIDAN SANTOSO', 'X-MIPA-3', NULL, NULL),
(964, 23, 'MALKAN ALBAR HIDAYAT', 'MALKAN ALBAR HIDAYAT', 'X-MIPA-3', NULL, NULL),
(965, 24, 'MALYA NADA AN - NAJAH', 'MALYA NADA AN - NAJAH', 'X-MIPA-3', NULL, NULL),
(966, 25, 'MIFTAH MUHAMMAD HUSEIN', 'MIFTAH MUHAMMAD HUSEIN', 'X-MIPA-3', NULL, NULL),
(967, 26, 'MOHAMAD RIFQI HAMDANI', 'MOHAMAD RIFQI HAMDANI', 'X-MIPA-3', NULL, NULL),
(968, 27, 'MUHAMMAD BAGAS FATHURRAHMAN', 'MUHAMMAD BAGAS FATHURRAHMAN', 'X-MIPA-3', NULL, NULL),
(969, 28, 'MUHAMMAD RHADO ANDRIANO', 'MUHAMMAD RHADO ANDRIANO', 'X-MIPA-3', NULL, NULL),
(970, 29, 'NIZAR CAHYA NUGRAHA', 'NIZAR CAHYA NUGRAHA', 'X-MIPA-3', NULL, NULL),
(971, 30, 'RASYA DHAFIN NURAHMAN', 'RASYA DHAFIN NURAHMAN', 'X-MIPA-3', NULL, NULL),
(972, 31, 'REVI REFAEL MAHFUD', 'REVI REFAEL MAHFUD', 'X-MIPA-3', NULL, NULL),
(973, 32, 'REZKY PANJI PRATAMA', 'REZKY PANJI PRATAMA', 'X-MIPA-3', NULL, NULL),
(974, 33, 'SRI MULYANI', 'SRI MULYANI', 'X-MIPA-3', NULL, NULL),
(975, 34, 'SRI NUR PASKAWATI', 'SRI NUR PASKAWATI', 'X-MIPA-3', NULL, NULL),
(976, 35, 'SRI RAHAYU PUTRI CANTIKA', 'SRI RAHAYU PUTRI CANTIKA', 'X-MIPA-3', NULL, NULL),
(977, 36, 'SUMAYAH AL HURIAH', 'SUMAYAH AL HURIAH', 'X-MIPA-3', NULL, NULL),
(978, 37, 'ZAMZAM SAEPUL ZAMIL', 'ZAMZAM SAEPUL ZAMIL', 'X-MIPA-3', NULL, NULL),
(979, 1, 'AKBAR MAULANA JABAR', 'AKBAR MAULANA JABAR', 'X-MIPA-4', NULL, NULL),
(980, 2, 'ALDOTRI MARTUA MATONDANG', 'ALDOTRI MARTUA MATONDANG', 'X-MIPA-4', NULL, NULL),
(981, 3, 'ARVA ADRIYANT ALIANSYAH', 'ARVA ADRIYANT ALIANSYAH', 'X-MIPA-4', NULL, NULL),
(982, 4, 'AZMI PUTERI AYU CALISTA', 'AZMI PUTERI AYU CALISTA', 'X-MIPA-4', NULL, NULL),
(983, 5, 'CHIESA SYAIRA BILQIST', 'CHIESA SYAIRA BILQIST', 'X-MIPA-4', NULL, NULL),
(984, 6, 'CUTKYE DEMENTYEVA AL-BAIHAQI', 'CUTKYE DEMENTYEVA AL-BAIHAQI', 'X-MIPA-4', NULL, NULL),
(985, 7, 'DENISHA AMBARWATI', 'DENISHA AMBARWATI', 'X-MIPA-4', NULL, NULL),
(986, 8, 'DESTY OLIVIA ALMIRA', 'DESTY OLIVIA ALMIRA', 'X-MIPA-4', NULL, NULL),
(987, 9, 'DEVIANI MEGA PUTRI', 'DEVIANI MEGA PUTRI', 'X-MIPA-4', NULL, NULL),
(988, 10, 'FAKHRA RIADATUL ADHWA', 'FAKHRA RIADATUL ADHWA', 'X-MIPA-4', NULL, NULL),
(989, 11, 'FANESA ASHILA BUDIMAN', 'FANESA ASHILA BUDIMAN', 'X-MIPA-4', NULL, NULL),
(990, 12, 'FATHIA SYAKIR', 'FATHIA SYAKIR', 'X-MIPA-4', NULL, NULL),
(991, 13, 'FEBYAN SILVIA', 'FEBYAN SILVIA', 'X-MIPA-4', NULL, NULL),
(992, 14, 'FERDI ARDIANSAH', 'FERDI ARDIANSAH', 'X-MIPA-4', NULL, NULL),
(993, 15, 'HASYA ANINDIYA ARETTHA', 'HASYA ANINDIYA ARETTHA', 'X-MIPA-4', NULL, NULL),
(994, 16, 'INDRI YULISTIAWATI AZZAHRO', 'INDRI YULISTIAWATI AZZAHRO', 'X-MIPA-4', NULL, NULL),
(995, 17, 'JAFAR NUR ADNAN', 'JAFAR NUR ADNAN', 'X-MIPA-4', NULL, NULL),
(996, 18, 'KALIFAN NAHL RASYID AZZUHDI', 'KALIFAN NAHL RASYID AZZUHDI', 'X-MIPA-4', NULL, NULL),
(997, 19, 'KATRIANI KEIZA PUTRI AISYIAH', 'KATRIANI KEIZA PUTRI AISYIAH', 'X-MIPA-4', NULL, NULL),
(998, 20, 'KEYSHA NURMAULIDA SOMANTRI', 'KEYSHA NURMAULIDA SOMANTRI', 'X-MIPA-4', NULL, NULL),
(999, 21, 'LELIANA MEGANTARI', 'LELIANA MEGANTARI', 'X-MIPA-4', NULL, NULL),
(1000, 22, 'LULU LUKMAN NURHAKIM', 'LULU LUKMAN NURHAKIM', 'X-MIPA-4', NULL, NULL),
(1001, 23, 'MAHARDIKA RUSMANA', 'MAHARDIKA RUSMANA', 'X-MIPA-4', NULL, NULL),
(1002, 24, 'MUHAMMAD LUTHFI RAMDHANI', 'MUHAMMAD LUTHFI RAMDHANI', 'X-MIPA-4', NULL, NULL),
(1003, 25, 'MUHAMMAD NAUFAL TRISTAN HADIANSYAH', 'MUHAMMAD NAUFAL TRISTAN HADIANSYAH', 'X-MIPA-4', NULL, NULL),
(1004, 26, 'NAJWA NURSYIFA', 'NAJWA NURSYIFA', 'X-MIPA-4', NULL, NULL),
(1005, 27, 'NAMINA LAYSA PUTRI AYALA', 'NAMINA LAYSA PUTRI AYALA', 'X-MIPA-4', NULL, NULL),
(1006, 28, 'PUTRI AGUSTIN', 'PUTRI AGUSTIN', 'X-MIPA-4', NULL, NULL),
(1007, 29, 'PUTRI APRILIANTI HIDAYAT', 'PUTRI APRILIANTI HIDAYAT', 'X-MIPA-4', NULL, NULL),
(1008, 30, 'RINRIN ALIFIA', 'RINRIN ALIFIA', 'X-MIPA-4', NULL, NULL),
(1009, 31, 'SALSABILA AFFIYAH', 'SALSABILA AFFIYAH', 'X-MIPA-4', NULL, NULL),
(1010, 32, 'SEVTYANDI HADIANSYAH KURNIAWAN', 'SEVTYANDI HADIANSYAH KURNIAWAN', 'X-MIPA-4', NULL, NULL),
(1011, 33, 'TEDI SUPRIADI RAMDANI', 'TEDI SUPRIADI RAMDANI', 'X-MIPA-4', NULL, NULL),
(1012, 34, 'THANIA RAMADHANI SAKAWALI', 'THANIA RAMADHANI SAKAWALI', 'X-MIPA-4', NULL, NULL),
(1013, 35, 'WULAN DANI', 'WULAN DANI', 'X-MIPA-4', NULL, NULL),
(1014, 36, 'YUDA PRATAMA PUTRA', 'YUDA PRATAMA PUTRA', 'X-MIPA-4', NULL, NULL),
(1015, 1, 'AHMAD TRI NUR FAUZI', 'AHMAD TRI NUR FAUZI', 'X-MIPA-5', NULL, NULL),
(1016, 2, 'ALFIA FAUZIAH', 'ALFIA FAUZIAH', 'X-MIPA-5', NULL, NULL),
(1017, 3, 'ALVANZA AL-KAUTSA D.SOEHARTONO', 'ALVANZA AL-KAUTSA D.SOEHARTONO', 'X-MIPA-5', NULL, NULL),
(1018, 4, 'ANGGITA PUTRI AULIA', 'ANGGITA PUTRI AULIA', 'X-MIPA-5', NULL, NULL),
(1019, 5, 'BARLY ADRIAN SUSANDI', 'BARLY ADRIAN SUSANDI', 'X-MIPA-5', NULL, NULL),
(1020, 6, 'BELA OLIVIA', 'BELA OLIVIA', 'X-MIPA-5', NULL, NULL),
(1021, 7, 'BRAMANTIO SIAHAAN', 'BRAMANTIO SIAHAAN', 'X-MIPA-5', NULL, NULL),
(1022, 8, 'DEVINA VIRGINIA ALVIANTI', 'DEVINA VIRGINIA ALVIANTI', 'X-MIPA-5', NULL, NULL),
(1023, 9, 'GISA KHOIRUNNISA', 'GISA KHOIRUNNISA', 'X-MIPA-5', NULL, NULL),
(1024, 10, 'HAFIZ FIRZA', 'HAFIZ FIRZA', 'X-MIPA-5', NULL, NULL),
(1025, 11, 'JOEL RAFAEL MANGAMPIN SILABAN', 'JOEL RAFAEL MANGAMPIN SILABAN', 'X-MIPA-5', NULL, NULL),
(1026, 12, 'KAYLA RASYA MAHARANI', 'KAYLA RASYA MAHARANI', 'X-MIPA-5', NULL, NULL),
(1027, 13, 'M. FAHRI NIZAL SUPRIATNA', 'M. FAHRI NIZAL SUPRIATNA', 'X-MIPA-5', NULL, NULL),
(1028, 14, 'MAIA RAYHANAH NAILAH', 'MAIA RAYHANAH NAILAH', 'X-MIPA-5', NULL, NULL),
(1029, 15, 'MELDINA AZALEA PUTRI', 'MELDINA AZALEA PUTRI', 'X-MIPA-5', NULL, NULL),
(1030, 16, 'MELIYAFEMI KHALISAH RULIATI', 'MELIYAFEMI KHALISAH RULIATI', 'X-MIPA-5', NULL, NULL),
(1031, 17, 'MOCH RASYA SURYA PUTRA', 'MOCH RASYA SURYA PUTRA', 'X-MIPA-5', NULL, NULL),
(1032, 18, 'MOCH. ZALDI FADILLAH', 'MOCH. ZALDI FADILLAH', 'X-MIPA-5', NULL, NULL),
(1033, 19, 'MUGIA RIDHO ABDILLAH SETIAWAN', 'MUGIA RIDHO ABDILLAH SETIAWAN', 'X-MIPA-5', NULL, NULL),
(1034, 20, 'MUHAMMAD DZIKRI FIRDAUS', 'MUHAMMAD DZIKRI FIRDAUS', 'X-MIPA-5', NULL, NULL),
(1035, 21, 'MUHAMMAD HELMI', 'MUHAMMAD HELMI', 'X-MIPA-5', NULL, NULL),
(1036, 22, 'MUHAMMAD NADHIF ALHARKY GUNAWAN', 'MUHAMMAD NADHIF ALHARKY GUNAWAN', 'X-MIPA-5', NULL, NULL),
(1037, 23, 'MUHAMMAD RADITYA IRSHANDI', 'MUHAMMAD RADITYA IRSHANDI', 'X-MIPA-5', NULL, NULL),
(1038, 24, 'MUHAMMAD SALMAN ALPARISI', 'MUHAMMAD SALMAN ALPARISI', 'X-MIPA-5', NULL, NULL),
(1039, 25, 'NANDA SALSA BILLA', 'NANDA SALSA BILLA', 'X-MIPA-5', NULL, NULL),
(1040, 26, 'NUR ASHILLA KANAHAYA WIBOWO', 'NUR ASHILLA KANAHAYA WIBOWO', 'X-MIPA-5', NULL, NULL),
(1041, 27, 'PUTRI JASMINE AULIA AZ-ZAHRA', 'PUTRI JASMINE AULIA AZ-ZAHRA', 'X-MIPA-5', NULL, NULL),
(1042, 28, 'QUEENA ANCHIKA IBRAHIM', 'QUEENA ANCHIKA IBRAHIM', 'X-MIPA-5', NULL, NULL),
(1043, 29, 'RABI\'AH AL ADAWIYAH FAZIHRA ANDI LAUNNE\'', 'RABI\'AH AL ADAWIYAH FAZIHRA ANDI LAUNNE\'', 'X-MIPA-5', NULL, NULL),
(1044, 30, 'RADWA NUR FADILAH', 'RADWA NUR FADILAH', 'X-MIPA-5', NULL, NULL),
(1045, 31, 'ROBI FIRLI', 'ROBI FIRLI', 'X-MIPA-5', NULL, NULL),
(1046, 32, 'SALMA ALMIRA KUSUMAWATI', 'SALMA ALMIRA KUSUMAWATI', 'X-MIPA-5', NULL, NULL),
(1047, 33, 'SASKIA PUTRI NADIRA', 'SASKIA PUTRI NADIRA', 'X-MIPA-5', NULL, NULL),
(1048, 34, 'SEFIRA RHAUDATUL BILQIS', 'SEFIRA RHAUDATUL BILQIS', 'X-MIPA-5', NULL, NULL),
(1049, 35, 'SYAFA QOTHRUNNIDA', 'SYAFA QOTHRUNNIDA', 'X-MIPA-5', NULL, NULL),
(1050, 36, 'VASYA GESYA PUTRI', 'VASYA GESYA PUTRI', 'X-MIPA-5', NULL, NULL),
(1051, 37, 'WAFI OKTA SOPIANI', 'WAFI OKTA SOPIANI', 'X-MIPA-5', NULL, NULL),
(1052, 1, 'AGNIYYA ALMAHDINA ULUL AZMI', 'AGNIYYA ALMAHDINA ULUL AZMI', 'X-MIPA-6', NULL, NULL),
(1053, 2, 'AHMAD DAFFA FACHROZY', 'AHMAD DAFFA FACHROZY', 'X-MIPA-6', NULL, NULL),
(1054, 3, 'ALDRIEN MOHAMAD HILMI MAGHFIRANSYAH', 'ALDRIEN MOHAMAD HILMI MAGHFIRANSYAH', 'X-MIPA-6', NULL, NULL),
(1055, 4, 'AMANDA NAZWA RAMADHANI', 'AMANDA NAZWA RAMADHANI', 'X-MIPA-6', NULL, NULL),
(1056, 5, 'ANISA REZKIA ZAHRA', 'ANISA REZKIA ZAHRA', 'X-MIPA-6', NULL, NULL),
(1057, 6, 'AULIA PUTRI RAHMANI', 'AULIA PUTRI RAHMANI', 'X-MIPA-6', NULL, NULL),
(1058, 7, 'AULIA SEPTIANI', 'AULIA SEPTIANI', 'X-MIPA-6', NULL, NULL),
(1059, 8, 'AYESHA ALYA NAZIRA ISLAMY', 'AYESHA ALYA NAZIRA ISLAMY', 'X-MIPA-6', NULL, NULL),
(1060, 9, 'AZMI PUTRI DINASYA', 'AZMI PUTRI DINASYA', 'X-MIPA-6', NULL, NULL),
(1061, 10, 'CECILIA PUTRI RASPATI', 'CECILIA PUTRI RASPATI', 'X-MIPA-6', NULL, NULL),
(1062, 11, 'DYLAN YUDIAN RAMADHAN', 'DYLAN YUDIAN RAMADHAN', 'X-MIPA-6', NULL, NULL),
(1063, 12, 'FAKHRY ZAKY SYAIRAZ', 'FAKHRY ZAKY SYAIRAZ', 'X-MIPA-6', NULL, NULL),
(1064, 13, 'FEBRIAN SURYA VIOLIS', 'FEBRIAN SURYA VIOLIS', 'X-MIPA-6', NULL, NULL),
(1065, 14, 'GIA MAWARDANI', 'GIA MAWARDANI', 'X-MIPA-6', NULL, NULL),
(1066, 15, 'GYAS JUANSYAH', 'GYAS JUANSYAH', 'X-MIPA-6', NULL, NULL),
(1067, 16, 'HABIL NURUL HUDA', 'HABIL NURUL HUDA', 'X-MIPA-6', NULL, NULL),
(1068, 17, 'HILWANA AYRA AZMA', 'HILWANA AYRA AZMA', 'X-MIPA-6', NULL, NULL),
(1069, 18, 'IVANDER MANUELLA PAKPAHAN', 'IVANDER MANUELLA PAKPAHAN', 'X-MIPA-6', NULL, NULL),
(1070, 19, 'JIHAN DEWI RUKHIANI', 'JIHAN DEWI RUKHIANI', 'X-MIPA-6', NULL, NULL),
(1071, 20, 'KAFKA ARMINA ZULFA', 'KAFKA ARMINA ZULFA', 'X-MIPA-6', NULL, NULL),
(1072, 21, 'M. FADHIL NAJMI FIRDAUS', 'M. FADHIL NAJMI FIRDAUS', 'X-MIPA-6', NULL, NULL),
(1073, 22, 'MALSYA OCTA HERDIAN', 'MALSYA OCTA HERDIAN', 'X-MIPA-6', NULL, NULL),
(1074, 23, 'MUH GALBI KARIM WAFI', 'MUH GALBI KARIM WAFI', 'X-MIPA-6', NULL, NULL),
(1075, 24, 'MUHAMAD BAGUS TRI YUDHAPATI KADIR', 'MUHAMAD BAGUS TRI YUDHAPATI KADIR', 'X-MIPA-6', NULL, NULL),
(1076, 25, 'MUHAMAD EZRA PADHAL SARBENI', 'MUHAMAD EZRA PADHAL SARBENI', 'X-MIPA-6', NULL, NULL),
(1077, 26, 'MUHAMMAD FAWAZ PATONI', 'MUHAMMAD FAWAZ PATONI', 'X-MIPA-6', NULL, NULL),
(1078, 27, 'MUHAMMAD RAPIL MAULANA', 'MUHAMMAD RAPIL MAULANA', 'X-MIPA-6', NULL, NULL),
(1079, 28, 'MUHAMMAD YUSUF ARDIANSYAH', 'MUHAMMAD YUSUF ARDIANSYAH', 'X-MIPA-6', NULL, NULL),
(1080, 29, 'NABIL MAULANA RAMDHANI', 'NABIL MAULANA RAMDHANI', 'X-MIPA-6', NULL, NULL),
(1081, 30, 'NAILA FAUZIYYAH GARIN', 'NAILA FAUZIYYAH GARIN', 'X-MIPA-6', NULL, NULL),
(1082, 31, 'RAFI ANDHIKA LESMANA', 'RAFI ANDHIKA LESMANA', 'X-MIPA-6', NULL, NULL),
(1083, 32, 'ROVITA PANDIANA PUTRI', 'ROVITA PANDIANA PUTRI', 'X-MIPA-6', NULL, NULL),
(1084, 33, 'SEPTIANI SAWITRI', 'SEPTIANI SAWITRI', 'X-MIPA-6', NULL, NULL),
(1085, 34, 'SHAFA AZIRA RAHMANIA', 'SHAFA AZIRA RAHMANIA', 'X-MIPA-6', NULL, NULL),
(1086, 35, 'SITI FAUZIYYAH NURHASSANAH', 'SITI FAUZIYYAH NURHASSANAH', 'X-MIPA-6', NULL, NULL),
(1087, 36, ' SUCI RAMADANI ', ' SUCI RAMADANI ', 'X-MIPA-6', NULL, NULL),
(1088, 37, 'ZAHRA AMELIA', 'ZAHRA AMELIA', 'X-MIPA-6', NULL, NULL),
(1089, 38, 'ZAZKIA ARYANTI', 'ZAZKIA ARYANTI', 'X-MIPA-6', NULL, NULL),
(1090, 1, 'AGNI NURHASANAH', 'AGNI NURHASANAH', 'X-MIPA-7', NULL, NULL),
(1091, 2, 'AISHA DWIVA FAHRIANI', 'AISHA DWIVA FAHRIANI', 'X-MIPA-7', NULL, NULL),
(1092, 3, 'ASHILA NADHIRA IRAWAN', 'ASHILA NADHIRA IRAWAN', 'X-MIPA-7', NULL, NULL),
(1093, 4, 'AZHAR SUR HANIFAH', 'AZHAR SUR HANIFAH', 'X-MIPA-7', NULL, NULL),
(1094, 5, 'AZIKRI HENDARWAN', 'AZIKRI HENDARWAN', 'X-MIPA-7', NULL, NULL),
(1095, 6, 'BUNGA ANGIE PRATAMIE', 'BUNGA ANGIE PRATAMIE', 'X-MIPA-7', NULL, NULL),
(1096, 7, 'CUT KAYLA NAZWA AYUNING TIYAS', 'CUT KAYLA NAZWA AYUNING TIYAS', 'X-MIPA-7', NULL, NULL),
(1097, 8, 'ELZIO HAFIZH MAHATIR', 'ELZIO HAFIZH MAHATIR', 'X-MIPA-7', NULL, NULL),
(1098, 9, 'FAREL PUTRA PRATAMA', 'FAREL PUTRA PRATAMA', 'X-MIPA-7', NULL, NULL),
(1099, 10, 'FARHAN PETER AL\'EMMET', 'FARHAN PETER AL\'EMMET', 'X-MIPA-7', NULL, NULL),
(1100, 11, 'FATMA FADILAH HANA PRATIWI', 'FATMA FADILAH HANA PRATIWI', 'X-MIPA-7', NULL, NULL),
(1101, 12, 'KARINA MARVIDIA PUTRI', 'KARINA MARVIDIA PUTRI', 'X-MIPA-7', NULL, NULL),
(1102, 13, 'KEYSHA AZIA MECCA', 'KEYSHA AZIA MECCA', 'X-MIPA-7', NULL, NULL),
(1103, 14, 'KINANTI DWI ANGGRAENI SUNDARI', 'KINANTI DWI ANGGRAENI SUNDARI', 'X-MIPA-7', NULL, NULL),
(1104, 15, 'LAURA DEALOVA WARDAHANI', 'LAURA DEALOVA WARDAHANI', 'X-MIPA-7', NULL, NULL),
(1105, 16, 'M AKMAL FADILAH', 'M AKMAL FADILAH', 'X-MIPA-7', NULL, NULL),
(1106, 17, 'M. SEJA RAMADHAN', 'M. SEJA RAMADHAN', 'X-MIPA-7', NULL, NULL),
(1107, 18, 'MOCHAMAD AZKA AL AFGANI', 'MOCHAMAD AZKA AL AFGANI', 'X-MIPA-7', NULL, NULL),
(1108, 19, 'MOH YAZID AL FAUZAN', 'MOH YAZID AL FAUZAN', 'X-MIPA-7', NULL, NULL),
(1109, 20, 'MUAMAR ALFI ALIY HAWARI', 'MUAMAR ALFI ALIY HAWARI', 'X-MIPA-7', NULL, NULL),
(1110, 21, 'MUHAMMAD RIZKY ZAENAL ARIF SAEPULOH', 'MUHAMMAD RIZKY ZAENAL ARIF SAEPULOH', 'X-MIPA-7', NULL, NULL),
(1111, 22, 'MUTHIA AMELIANI PRATIWI', 'MUTHIA AMELIANI PRATIWI', 'X-MIPA-7', NULL, NULL),
(1112, 23, 'NADIA PUTRI FAUZIAH', 'NADIA PUTRI FAUZIAH', 'X-MIPA-7', NULL, NULL),
(1113, 24, 'NAILA AGHISNI RAHMA WAHYUDIN', 'NAILA AGHISNI RAHMA WAHYUDIN', 'X-MIPA-7', NULL, NULL),
(1114, 25, 'NAJIB MUMTAZ', 'NAJIB MUMTAZ', 'X-MIPA-7', NULL, NULL),
(1115, 26, 'NAJLA NUR MAULIDA UMAM', 'NAJLA NUR MAULIDA UMAM', 'X-MIPA-7', NULL, NULL),
(1116, 27, 'NASYWA RUDIANI NURFARIDAH', 'NASYWA RUDIANI NURFARIDAH', 'X-MIPA-7', NULL, NULL),
(1117, 28, 'NATASHA APRILLIANA CARLINA', 'NATASHA APRILLIANA CARLINA', 'X-MIPA-7', NULL, NULL),
(1118, 29, 'PUTRI WIDIA IRAWAN', 'PUTRI WIDIA IRAWAN', 'X-MIPA-7', NULL, NULL),
(1119, 30, 'RADEN VIOLINA SALSABILA CANTIKA', 'RADEN VIOLINA SALSABILA CANTIKA', 'X-MIPA-7', NULL, NULL),
(1120, 31, 'REFFAN REFALDO', 'REFFAN REFALDO', 'X-MIPA-7', NULL, NULL),
(1121, 32, 'SALMAN ALFARISSI', 'SALMAN ALFARISSI', 'X-MIPA-7', NULL, NULL),
(1122, 33, 'SHEYDA NAFISA', 'SHEYDA NAFISA', 'X-MIPA-7', NULL, NULL),
(1123, 34, 'SUHAIB AKIF', 'SUHAIB AKIF', 'X-MIPA-7', NULL, NULL),
(1124, 35, 'TAURA AL FAWWAZ', 'TAURA AL FAWWAZ', 'X-MIPA-7', NULL, NULL),
(1125, 36, 'TEGUH PAMUNGKAS PRAYUDHI', 'TEGUH PAMUNGKAS PRAYUDHI', 'X-MIPA-7', NULL, NULL),
(1126, 1, 'ABDIL FUKOHA DINU', 'ABDIL FUKOHA DINU', 'X-IPS-1', NULL, NULL),
(1127, 2, 'ADRIAN MUHAMAD RAHMAN', 'ADRIAN MUHAMAD RAHMAN', 'X-IPS-1', NULL, NULL),
(1128, 3, 'AISA NURSIFA', 'AISA NURSIFA', 'X-IPS-1', NULL, NULL),
(1129, 4, 'ALDO DEPHERIUS IRVANTO SIMAMORA', 'ALDO DEPHERIUS IRVANTO SIMAMORA', 'X-IPS-1', NULL, NULL),
(1130, 5, 'ANWA ALLEIA PUTRI PRATAMA SONJAYA', 'ANWA ALLEIA PUTRI PRATAMA SONJAYA', 'X-IPS-1', NULL, NULL),
(1131, 6, 'CHASIA LUTFI REYNA', 'CHASIA LUTFI REYNA', 'X-IPS-1', NULL, NULL),
(1132, 7, 'DAVINA SALSABILA RAHMADANI', 'DAVINA SALSABILA RAHMADANI', 'X-IPS-1', NULL, NULL),
(1133, 8, 'DESTIANA INTAN PURNAMA', 'DESTIANA INTAN PURNAMA', 'X-IPS-1', NULL, NULL),
(1134, 9, 'DEVI FITRIYANI AGUSTIN', 'DEVI FITRIYANI AGUSTIN', 'X-IPS-1', NULL, NULL),
(1135, 10, 'EVA SAFITRI AULIA', 'EVA SAFITRI AULIA', 'X-IPS-1', NULL, NULL),
(1136, 11, 'FAKHIRA NURAZMI MAULIDA', 'FAKHIRA NURAZMI MAULIDA', 'X-IPS-1', NULL, NULL),
(1137, 12, 'FAKHRI RASYAD', 'FAKHRI RASYAD', 'X-IPS-1', NULL, NULL),
(1138, 13, 'GHAIDA NUR INZAN', 'GHAIDA NUR INZAN', 'X-IPS-1', NULL, NULL),
(1139, 14, 'IJLAL FAWWAZ FAJARULQODAR', 'IJLAL FAWWAZ FAJARULQODAR', 'X-IPS-1', NULL, NULL),
(1140, 15, 'KEISYA AGNIA SYIFA', 'KEISYA AGNIA SYIFA', 'X-IPS-1', NULL, NULL),
(1141, 16, 'KHAIRA DILLATUL HAQ', 'KHAIRA DILLATUL HAQ', 'X-IPS-1', NULL, NULL),
(1142, 17, 'KHANSA ANISA RAHMAN', 'KHANSA ANISA RAHMAN', 'X-IPS-1', NULL, NULL),
(1143, 18, 'MARSYA MUFIDAH AZIZAH', 'MARSYA MUFIDAH AZIZAH', 'X-IPS-1', NULL, NULL),
(1144, 19, 'MOCH. DAFFA ZIAULHAQ RAHADIAN', 'MOCH. DAFFA ZIAULHAQ RAHADIAN', 'X-IPS-1', NULL, NULL),
(1145, 20, 'MOCHAMAD FADLI FADILAH', 'MOCHAMAD FADLI FADILAH', 'X-IPS-1', NULL, NULL),
(1146, 21, 'MOH RAZPA SUPRIADI PUTRA', 'MOH RAZPA SUPRIADI PUTRA', 'X-IPS-1', NULL, NULL);
INSERT INTO `siswa` (`id`, `nis`, `nama`, `slug`, `kelas`, `created_at`, `updated_at`) VALUES
(1147, 22, 'MUHAMMAD HILMI MUBROR', 'MUHAMMAD HILMI MUBROR', 'X-IPS-1', NULL, NULL),
(1148, 23, 'MUHAMMAD NAZRIL EFENDI', 'MUHAMMAD NAZRIL EFENDI', 'X-IPS-1', NULL, NULL),
(1149, 24, 'MUHAMMAD RADITYA PERMANA', 'MUHAMMAD RADITYA PERMANA', 'X-IPS-1', NULL, NULL),
(1150, 25, 'MUHAMMAD SYAUQI FADHLAN', 'MUHAMMAD SYAUQI FADHLAN', 'X-IPS-1', NULL, NULL),
(1151, 26, 'MUTIA RAMADHANTY', 'MUTIA RAMADHANTY', 'X-IPS-1', NULL, NULL),
(1152, 27, 'NASHWA KHAIRUNNISA ALAMSYAH', 'NASHWA KHAIRUNNISA ALAMSYAH', 'X-IPS-1', NULL, NULL),
(1153, 28, 'NURDIN', 'NURDIN', 'X-IPS-1', NULL, NULL),
(1154, 29, 'PUTRI ZAHRA AULIA', 'PUTRI ZAHRA AULIA', 'X-IPS-1', NULL, NULL),
(1155, 30, 'RAIFA LUTFIAH', 'RAIFA LUTFIAH', 'X-IPS-1', NULL, NULL),
(1156, 31, 'RAISYA RULLA ANAZLA', 'RAISYA RULLA ANAZLA', 'X-IPS-1', NULL, NULL),
(1157, 32, 'REINDRA RAFA MAULANA', 'REINDRA RAFA MAULANA', 'X-IPS-1', NULL, NULL),
(1158, 33, 'SALMA NUR AZIZAH', 'SALMA NUR AZIZAH', 'X-IPS-1', NULL, NULL),
(1159, 34, 'SANI DAMAYANTI', 'SANI DAMAYANTI', 'X-IPS-1', NULL, NULL),
(1160, 35, 'SITI AISYAH AZ ZAHRA', 'SITI AISYAH AZ ZAHRA', 'X-IPS-1', NULL, NULL),
(1161, 36, 'SOFIA NURUL HIDAYAH', 'SOFIA NURUL HIDAYAH', 'X-IPS-1', NULL, NULL),
(1162, 37, 'SYAHIRA MAHARANI M', 'SYAHIRA MAHARANI M', 'X-IPS-1', NULL, NULL),
(1163, 38, 'SYIFA HAUNAN NAJMI', 'SYIFA HAUNAN NAJMI', 'X-IPS-1', NULL, NULL),
(1164, 39, 'VIKI FIRDAUS', 'VIKI FIRDAUS', 'X-IPS-1', NULL, NULL),
(1165, 1, 'AKBAR GELAR PANANJUNG', 'AKBAR GELAR PANANJUNG', 'X-IPS-2', NULL, NULL),
(1166, 2, 'ALIP ADITIA NUGRAHA', 'ALIP ADITIA NUGRAHA', 'X-IPS-2', NULL, NULL),
(1167, 3, 'AUNDREYA PRANAJA EZRA DANISWARA', 'AUNDREYA PRANAJA EZRA DANISWARA', 'X-IPS-2', NULL, NULL),
(1168, 4, 'AUREL PUTRI ADIZA', 'AUREL PUTRI ADIZA', 'X-IPS-2', NULL, NULL),
(1169, 5, 'DEBI KARMILA', 'DEBI KARMILA', 'X-IPS-2', NULL, NULL),
(1170, 6, 'DHISA AGNIA PUTRI', 'DHISA AGNIA PUTRI', 'X-IPS-2', NULL, NULL),
(1171, 7, 'EKA YULIANA PRATIWI', 'EKA YULIANA PRATIWI', 'X-IPS-2', NULL, NULL),
(1172, 8, 'ERLITA DESTIANI FAUZI', 'ERLITA DESTIANI FAUZI', 'X-IPS-2', NULL, NULL),
(1173, 9, 'FAREL CORNELIS AGATE', 'FAREL CORNELIS AGATE', 'X-IPS-2', NULL, NULL),
(1174, 10, 'FAUZAAN NUR FAADIHILAH', 'FAUZAAN NUR FAADIHILAH', 'X-IPS-2', NULL, NULL),
(1175, 11, 'HAWAU SALWA QUEN VELLISA HIDAYAT', 'HAWAU SALWA QUEN VELLISA HIDAYAT', 'X-IPS-2', NULL, NULL),
(1176, 12, 'IHSAN RADHIETA', 'IHSAN RADHIETA', 'X-IPS-2', NULL, NULL),
(1177, 13, 'MELIA RISWANI', 'MELIA RISWANI', 'X-IPS-2', NULL, NULL),
(1178, 14, 'MOCH FAISAL AZKA HASANI', 'MOCH FAISAL AZKA HASANI', 'X-IPS-2', NULL, NULL),
(1179, 15, 'MOCHAMAD RIZAN SELAMAT RIYADI', 'MOCHAMAD RIZAN SELAMAT RIYADI', 'X-IPS-2', NULL, NULL),
(1180, 16, 'MUHAMAD ABIL FAJRIANTO', 'MUHAMAD ABIL FAJRIANTO', 'X-IPS-2', NULL, NULL),
(1181, 17, 'MUHAMAD ERDI NUGRAHA', 'MUHAMAD ERDI NUGRAHA', 'X-IPS-2', NULL, NULL),
(1182, 18, 'MUIZ OKTAPIAN', 'MUIZ OKTAPIAN', 'X-IPS-2', NULL, NULL),
(1183, 19, 'MUJAHID HAMZAH RUSTANDI', 'MUJAHID HAMZAH RUSTANDI', 'X-IPS-2', NULL, NULL),
(1184, 20, 'NABILAH PUTRI MULYANA', 'NABILAH PUTRI MULYANA', 'X-IPS-2', NULL, NULL),
(1185, 21, 'NABILLA JUNIA NUR\'AINI', 'NABILLA JUNIA NUR\'AINI', 'X-IPS-2', NULL, NULL),
(1186, 22, 'NADIA FITRI', 'NADIA FITRI', 'X-IPS-2', NULL, NULL),
(1187, 23, 'NATANAEL GULTOM', 'NATANAEL GULTOM', 'X-IPS-2', NULL, NULL),
(1188, 24, 'NAZWA ASKIA NAHAR', 'NAZWA ASKIA NAHAR', 'X-IPS-2', NULL, NULL),
(1189, 25, 'PUTRI NISRINA NAVILAH', 'PUTRI NISRINA NAVILAH', 'X-IPS-2', NULL, NULL),
(1190, 26, 'RAHAYU PUTRI AGUSTINA', 'RAHAYU PUTRI AGUSTINA', 'X-IPS-2', NULL, NULL),
(1191, 27, 'RAHMA GUSTI MANTARI', 'RAHMA GUSTI MANTARI', 'X-IPS-2', NULL, NULL),
(1192, 28, 'RAISYA FATIMAH ROSA NUR AZIZAH', 'RAISYA FATIMAH ROSA NUR AZIZAH', 'X-IPS-2', NULL, NULL),
(1193, 29, 'RAISYA SYAWALIA', 'RAISYA SYAWALIA', 'X-IPS-2', NULL, NULL),
(1194, 30, 'RENDY JULIAN HUTAGALUNG', 'RENDY JULIAN HUTAGALUNG', 'X-IPS-2', NULL, NULL),
(1195, 31, 'RISKA PUTRI PRATIWI', 'RISKA PUTRI PRATIWI', 'X-IPS-2', NULL, NULL),
(1196, 32, 'RIZA FAIZAL RAHMAN', 'RIZA FAIZAL RAHMAN', 'X-IPS-2', NULL, NULL),
(1197, 33, 'SASHY KIRANA FEBRIANTI', 'SASHY KIRANA FEBRIANTI', 'X-IPS-2', NULL, NULL),
(1198, 34, 'SITI AMEY BUNGA REVANI', 'SITI AMEY BUNGA REVANI', 'X-IPS-2', NULL, NULL),
(1199, 35, 'SYALWA AULIA PUTRI GUNTARA', 'SYALWA AULIA PUTRI GUNTARA', 'X-IPS-2', NULL, NULL),
(1200, 36, 'SYLLA NOVELIA', 'SYLLA NOVELIA', 'X-IPS-2', NULL, NULL),
(1201, 1, 'ABIL MUSLIM', 'ABIL MUSLIM', 'X-IPS-3', NULL, NULL),
(1202, 2, 'ADAM JUHARA', 'ADAM JUHARA', 'X-IPS-3', NULL, NULL),
(1203, 3, 'ADITYA SETIADI', 'ADITYA SETIADI', 'X-IPS-3', NULL, NULL),
(1204, 4, 'ADWITYA RAHAYU', 'ADWITYA RAHAYU', 'X-IPS-3', NULL, NULL),
(1205, 5, 'ALIFA AZKIYA GUSWARA', 'ALIFA AZKIYA GUSWARA', 'X-IPS-3', NULL, NULL),
(1206, 6, 'ALVINA LUTFI', 'ALVINA LUTFI', 'X-IPS-3', NULL, NULL),
(1207, 7, 'ALVIRA TRI ANNAZMI', 'ALVIRA TRI ANNAZMI', 'X-IPS-3', NULL, NULL),
(1208, 8, 'ANANDITA SALSABILA RAMADHANI', 'ANANDITA SALSABILA RAMADHANI', 'X-IPS-3', NULL, NULL),
(1209, 9, 'ANNISA NOVIYANTI', 'ANNISA NOVIYANTI', 'X-IPS-3', NULL, NULL),
(1210, 10, 'ARLLA FIRNY RAHMANSYAH', 'ARLLA FIRNY RAHMANSYAH', 'X-IPS-3', NULL, NULL),
(1211, 11, 'BAKTI PAMUNGKAS', 'BAKTI PAMUNGKAS', 'X-IPS-3', NULL, NULL),
(1212, 12, 'DINDA AISYAH AGUSTINA', 'DINDA AISYAH AGUSTINA', 'X-IPS-3', NULL, NULL),
(1213, 13, 'FAHRI YANDA RIZKI', 'FAHRI YANDA RIZKI', 'X-IPS-3', NULL, NULL),
(1214, 14, 'FAWWAZ IBAD PIRATA', 'FAWWAZ IBAD PIRATA', 'X-IPS-3', NULL, NULL),
(1215, 15, 'HAIFA PUTRI TRIANA', 'HAIFA PUTRI TRIANA', 'X-IPS-3', NULL, NULL),
(1216, 16, 'HAYCAL AZZMA HADI NURMANSYAH', 'HAYCAL AZZMA HADI NURMANSYAH', 'X-IPS-3', NULL, NULL),
(1217, 17, 'INDRI SULISTIAWATI AZZAHRO', 'INDRI SULISTIAWATI AZZAHRO', 'X-IPS-3', NULL, NULL),
(1218, 18, 'INTAN CARRISA PUTRI', 'INTAN CARRISA PUTRI', 'X-IPS-3', NULL, NULL),
(1219, 19, 'JIHAN AMELIA PUTRI', 'JIHAN AMELIA PUTRI', 'X-IPS-3', NULL, NULL),
(1220, 20, 'KESYA NATASYA', 'KESYA NATASYA', 'X-IPS-3', NULL, NULL),
(1221, 21, 'KEYSHA ADELYA PUTRI', 'KEYSHA ADELYA PUTRI', 'X-IPS-3', NULL, NULL),
(1222, 22, 'KIELAN ISMI AZIS', 'KIELAN ISMI AZIS', 'X-IPS-3', NULL, NULL),
(1223, 23, 'LUBNA BILBINA', 'LUBNA BILBINA', 'X-IPS-3', NULL, NULL),
(1224, 24, 'MOCH. DAFFA HIDAYAT', 'MOCH. DAFFA HIDAYAT', 'X-IPS-3', NULL, NULL),
(1225, 25, 'MUHAMMAD RAFFI HENDIANA ', 'MUHAMMAD RAFFI HENDIANA ', 'X-IPS-3', NULL, NULL),
(1226, 26, 'MUHAMMAD YUSUF SUBAKTIANSYAH', 'MUHAMMAD YUSUF SUBAKTIANSYAH', 'X-IPS-3', NULL, NULL),
(1227, 27, 'NIHA RAISYA BILQIS', 'NIHA RAISYA BILQIS', 'X-IPS-3', NULL, NULL),
(1228, 28, 'NOVIANTI HOIRIL WARISIN', 'NOVIANTI HOIRIL WARISIN', 'X-IPS-3', NULL, NULL),
(1229, 29, 'QAYLA FITHROTUNNISA DARMAWAN', 'QAYLA FITHROTUNNISA DARMAWAN', 'X-IPS-3', NULL, NULL),
(1230, 30, 'RAFA RESWARA NADHIEF', 'RAFA RESWARA NADHIEF', 'X-IPS-3', NULL, NULL),
(1231, 31, 'RAFI MUHAMMAD GHAISAN', 'RAFI MUHAMMAD GHAISAN', 'X-IPS-3', NULL, NULL),
(1232, 32, 'RD. AYLA FATHIYYA SATIAPUTRA', 'RD. AYLA FATHIYYA SATIAPUTRA', 'X-IPS-3', NULL, NULL),
(1233, 33, 'RENDI RAMDANI', 'RENDI RAMDANI', 'X-IPS-3', NULL, NULL),
(1234, 34, 'REYNAD RAJA BANYU', 'REYNAD RAJA BANYU', 'X-IPS-3', NULL, NULL),
(1235, 35, 'RIFQI DEVIANA AGUSTIAN', 'RIFQI DEVIANA AGUSTIAN', 'X-IPS-3', NULL, NULL),
(1236, 36, 'RIVALDY NAUFAL JULIAN SUSANTO ', 'RIVALDY NAUFAL JULIAN SUSANTO ', 'X-IPS-3', NULL, NULL),
(1237, 37, 'SALMA AINUNNISA', 'SALMA AINUNNISA', 'X-IPS-3', NULL, NULL),
(1238, 1, 'AGISTYA ABIEZA AYASHA', 'AGISTYA ABIEZA AYASHA', 'X-IPS-4', NULL, NULL),
(1239, 2, 'AMELIA MUTIARA SARI', 'AMELIA MUTIARA SARI', 'X-IPS-4', NULL, NULL),
(1240, 3, 'AYU LESTARI', 'AYU LESTARI', 'X-IPS-4', NULL, NULL),
(1241, 4, 'BAGASKARA NUGRAHA', 'BAGASKARA NUGRAHA', 'X-IPS-4', NULL, NULL),
(1242, 5, 'DATHWI BANYU CAKRAWALA', 'DATHWI BANYU CAKRAWALA', 'X-IPS-4', NULL, NULL),
(1243, 6, 'DIKI ANUGRAH', 'DIKI ANUGRAH', 'X-IPS-4', NULL, NULL),
(1244, 7, 'ELINDA', 'ELINDA', 'X-IPS-4', NULL, NULL),
(1245, 8, 'FADILLAH NURRAHMAN WIRASETIA ARIOKO', 'FADILLAH NURRAHMAN WIRASETIA ARIOKO', 'X-IPS-4', NULL, NULL),
(1246, 9, 'FADLAN MUHAMMAD RASYA', 'FADLAN MUHAMMAD RASYA', 'X-IPS-4', NULL, NULL),
(1247, 10, 'FADLI ZULFA ARDIANSYAH', 'FADLI ZULFA ARDIANSYAH', 'X-IPS-4', NULL, NULL),
(1248, 11, 'HAUZAN GARJITA NABIL PAMUNGKAS', 'HAUZAN GARJITA NABIL PAMUNGKAS', 'X-IPS-4', NULL, NULL),
(1249, 12, 'IRA SITI ROBANIAH', 'IRA SITI ROBANIAH', 'X-IPS-4', NULL, NULL),
(1250, 13, 'IRMA NURRANI PUTRI', 'IRMA NURRANI PUTRI', 'X-IPS-4', NULL, NULL),
(1251, 14, 'KAYLA  SYIFA FADILAH', 'KAYLA  SYIFA FADILAH', 'X-IPS-4', NULL, NULL),
(1252, 15, 'KEISYA NAZELIN PUTERI ARDIANI', 'KEISYA NAZELIN PUTERI ARDIANI', 'X-IPS-4', NULL, NULL),
(1253, 16, 'LENA AGUSTINA', 'LENA AGUSTINA', 'X-IPS-4', NULL, NULL),
(1254, 17, 'MEDINA MUFIDAH AZIZAH', 'MEDINA MUFIDAH AZIZAH', 'X-IPS-4', NULL, NULL),
(1255, 18, 'MILFA NAZWA WIGUNA', 'MILFA NAZWA WIGUNA', 'X-IPS-4', NULL, NULL),
(1256, 19, 'MOCH. ALGA ALIF FIRDAUS', 'MOCH. ALGA ALIF FIRDAUS', 'X-IPS-4', NULL, NULL),
(1257, 20, 'MUHAMAD FAUZI RAMDANI', 'MUHAMAD FAUZI RAMDANI', 'X-IPS-4', NULL, NULL),
(1258, 21, 'MUHAMAD YOGAHADI PRATAMA', 'MUHAMAD YOGAHADI PRATAMA', 'X-IPS-4', NULL, NULL),
(1259, 22, 'MUHAMMAD ABDURROZAQ AL FAATIH', 'MUHAMMAD ABDURROZAQ AL FAATIH', 'X-IPS-4', NULL, NULL),
(1260, 23, 'MUHAMMAD HAMZAH ABDILLAH', 'MUHAMMAD HAMZAH ABDILLAH', 'X-IPS-4', NULL, NULL),
(1261, 24, 'MUHAMMAD JIBRIL GUMELAR', 'MUHAMMAD JIBRIL GUMELAR', 'X-IPS-4', NULL, NULL),
(1262, 25, 'MUHAMMAD KAHFI ADNAN', 'MUHAMMAD KAHFI ADNAN', 'X-IPS-4', NULL, NULL),
(1263, 26, 'MUHAMMAD RIFAT RIHADATUL AISY', 'MUHAMMAD RIFAT RIHADATUL AISY', 'X-IPS-4', NULL, NULL),
(1264, 27, 'NUANSA GARDHA IMANDA', 'NUANSA GARDHA IMANDA', 'X-IPS-4', NULL, NULL),
(1265, 28, 'RADEN RALFINZA WULANPRILIA', 'RADEN RALFINZA WULANPRILIA', 'X-IPS-4', NULL, NULL),
(1266, 29, 'REVINA DEWI GUSTIRA', 'REVINA DEWI GUSTIRA', 'X-IPS-4', NULL, NULL),
(1267, 30, 'RIZKAN ADIMA', 'RIZKAN ADIMA', 'X-IPS-4', NULL, NULL),
(1268, 31, 'SAKIRA DWI ANASTASYA', 'SAKIRA DWI ANASTASYA', 'X-IPS-4', NULL, NULL),
(1269, 32, 'SISKA ALMAYANI', 'SISKA ALMAYANI', 'X-IPS-4', NULL, NULL),
(1270, 33, 'SITI RAMDANI', 'SITI RAMDANI', 'X-IPS-4', NULL, NULL),
(1271, 34, 'SULTAN ALIEF MALIKA', 'SULTAN ALIEF MALIKA', 'X-IPS-4', NULL, NULL),
(1272, 35, 'VITALIA CYNTHIA BETTA ROSA', 'VITALIA CYNTHIA BETTA ROSA', 'X-IPS-4', NULL, NULL),
(1273, 36, 'WIDIA SARI', 'WIDIA SARI', 'X-IPS-4', NULL, NULL),
(1274, 37, 'YASMIN RIZKIA DEWI', 'YASMIN RIZKIA DEWI', 'X-IPS-4', NULL, NULL),
(1275, 38, 'ZAHRA MUTMAINAH RAMADHANI', 'ZAHRA MUTMAINAH RAMADHANI', 'X-IPS-4', NULL, NULL),
(1276, 39, 'ZAHRA NUR AULIA FATIMAH', 'ZAHRA NUR AULIA FATIMAH', 'X-IPS-4', NULL, NULL);

-- --------------------------------------------------------

--
-- Struktur dari tabel `users`
--

CREATE TABLE `users` (
  `username` varchar(255) COLLATE utf8mb4_unicode_ci NOT NULL,
  `nis` int(11) NOT NULL,
  `slug` varchar(255) COLLATE utf8mb4_unicode_ci DEFAULT NULL,
  `kelas` varchar(255) COLLATE utf8mb4_unicode_ci NOT NULL,
  `password` varchar(255) COLLATE utf8mb4_unicode_ci NOT NULL,
  `status` varchar(255) COLLATE utf8mb4_unicode_ci NOT NULL DEFAULT 'inactive',
  `created_at` timestamp NULL DEFAULT NULL,
  `updated_at` timestamp NULL DEFAULT NULL,
  `role_id` bigint(20) UNSIGNED NOT NULL,
  `id` bigint(200) NOT NULL,
  `deleted_at` timestamp NULL DEFAULT NULL
) ENGINE=InnoDB DEFAULT CHARSET=utf8mb4 COLLATE=utf8mb4_unicode_ci;

--
-- Dumping data untuk tabel `users`
--

INSERT INTO `users` (`username`, `nis`, `slug`, `kelas`, `password`, `status`, `created_at`, `updated_at`, `role_id`, `id`, `deleted_at`) VALUES
('admin', 1230, 'admin', '10 MIPA 2', '$2y$10$AtahkYx8YBex6Xh5m.xnIurL5ZTOCZ2JX9q2l3WvV8IeyDoxg/8fq', 'active', NULL, NULL, 1, 1, NULL),
('siswa', 787, 'siswa', '11 MIPA 1', '$2y$10$AtahkYx8YBex6Xh5m.xnIurL5ZTOCZ2JX9q2l3WvV8IeyDoxg/8fq', 'active', NULL, NULL, 2, 2, NULL);

--
-- Indexes for dumped tables
--

--
-- Indeks untuk tabel `barang`
--
ALTER TABLE `barang`
  ADD PRIMARY KEY (`id`);

--
-- Indeks untuk tabel `barang_stocks`
--
ALTER TABLE `barang_stocks`
  ADD PRIMARY KEY (`id`);

--
-- Indeks untuk tabel `categories`
--
ALTER TABLE `categories`
  ADD PRIMARY KEY (`id`);

--
-- Indeks untuk tabel `categories_barang`
--
ALTER TABLE `categories_barang`
  ADD PRIMARY KEY (`id`),
  ADD KEY `categories_barang_barang_id_foreign` (`barang_id`),
  ADD KEY `categories_barang_categories_id_foreign` (`categories_id`);

--
-- Indeks untuk tabel `guru`
--
ALTER TABLE `guru`
  ADD PRIMARY KEY (`id`);

--
-- Indeks untuk tabel `rent`
--
ALTER TABLE `rent`
  ADD PRIMARY KEY (`id`),
  ADD UNIQUE KEY `id_barang` (`id_barang`,`user_id`);

--
-- Indeks untuk tabel `siswa`
--
ALTER TABLE `siswa`
  ADD PRIMARY KEY (`id`);

--
-- Indeks untuk tabel `users`
--
ALTER TABLE `users`
  ADD PRIMARY KEY (`id`);

--
-- AUTO_INCREMENT untuk tabel yang dibuang
--

--
-- AUTO_INCREMENT untuk tabel `barang`
--
ALTER TABLE `barang`
  MODIFY `id` bigint(20) UNSIGNED NOT NULL AUTO_INCREMENT, AUTO_INCREMENT=34;

--
-- AUTO_INCREMENT untuk tabel `barang_stocks`
--
ALTER TABLE `barang_stocks`
  MODIFY `id` bigint(20) UNSIGNED NOT NULL AUTO_INCREMENT;

--
-- AUTO_INCREMENT untuk tabel `categories`
--
ALTER TABLE `categories`
  MODIFY `id` bigint(20) UNSIGNED NOT NULL AUTO_INCREMENT, AUTO_INCREMENT=28;

--
-- AUTO_INCREMENT untuk tabel `categories_barang`
--
ALTER TABLE `categories_barang`
  MODIFY `id` bigint(20) UNSIGNED NOT NULL AUTO_INCREMENT, AUTO_INCREMENT=19;

--
-- AUTO_INCREMENT untuk tabel `guru`
--
ALTER TABLE `guru`
  MODIFY `id` bigint(20) UNSIGNED NOT NULL AUTO_INCREMENT, AUTO_INCREMENT=77;

--
-- AUTO_INCREMENT untuk tabel `rent`
--
ALTER TABLE `rent`
  MODIFY `id` bigint(20) UNSIGNED NOT NULL AUTO_INCREMENT, AUTO_INCREMENT=69;

--
-- AUTO_INCREMENT untuk tabel `siswa`
--
ALTER TABLE `siswa`
  MODIFY `id` bigint(20) UNSIGNED NOT NULL AUTO_INCREMENT, AUTO_INCREMENT=1277;

--
-- AUTO_INCREMENT untuk tabel `users`
--
ALTER TABLE `users`
  MODIFY `id` bigint(200) NOT NULL AUTO_INCREMENT, AUTO_INCREMENT=3;
COMMIT;

/*!40101 SET CHARACTER_SET_CLIENT=@OLD_CHARACTER_SET_CLIENT */;
/*!40101 SET CHARACTER_SET_RESULTS=@OLD_CHARACTER_SET_RESULTS */;
/*!40101 SET COLLATION_CONNECTION=@OLD_COLLATION_CONNECTION */;
